id,IMD18,Employment,Incom,Crime,Housing,Health,Education,Access,,,,,,,,,
7600001,6,3,7,4,4,6,9,10,,,,,,,,,
7600002,7,8,6,7,3,5,8,10,,,,,,,,,
7600003,6,5,7,2,5,6,7,10,,,,,,,,,
7600004,5,4,6,5,5,2,5,9,,,,,,,,,
7600005,4,6,2,8,5,1,3,10,,,,,,,,,
7600006,9,9,10,9,8,6,10,9,,,,,,,,,
7600007,3,4,3,3,3,2,5,10,,,,,,,,,
7600008,8,5,8,7,5,10,9,8,,,,,,,,,
7600009,8,8,8,8,5,7,7,7,,,,,,,,,
7600010,2,3,3,4,3,2,3,9,,,,,,,,,
7600011,8,7,7,9,5,8,9,7,,,,,,,,,
7600012,5,6,4,2,5,4,5,10,,,,,,,,,
7600013,8,8,8,8,5,7,8,8,,,,,,,,,
7600014,3,4,4,1,2,2,5,9,,,,,,,,,
7600015,6,8,6,8,5,3,4,10,,,,,,,,,
7600016,5,6,5,2,3,4,6,10,,,,,,,,,
7600017,4,5,5,10,5,1,3,10,,,,,,,,,
7600018,2,2,4,1,2,1,6,9,,,,,,,,,
7600019,3,5,3,1,4,3,4,9,,,,,,,,,
7600020,7,6,8,5,5,7,8,10,,,,,,,,,
7600021,2,3,2,8,1,2,3,8,,,,,,,,,
7600022,4,4,4,3,3,7,5,9,,,,,,,,,
7600023,2,1,2,4,2,4,3,9,,,,,,,,,
7600024,4,6,4,4,2,4,4,9,,,,,,,,,
7600025,3,4,5,4,3,4,2,9,,,,,,,,,
7600026,5,2,7,3,3,6,7,10,,,,,,,,,
7600027,6,5,6,9,6,4,5,10,,,,,,,,,
7600028,7,7,7,7,6,7,5,9,,,,,,,,,
7600029,6,8,5,2,2,4,5,10,,,,,,,,,
7600030,5,6,5,6,7,3,6,8,,,,,,,,,
7600031,5,6,5,2,4,4,3,9,,,,,,,,,
7600032,9,9,9,8,8,8,9,9,,,,,,,,,
7600033,2,1,2,2,3,6,4,10,,,,,,,,,
7600034,9,8,9,10,7,7,9,9,,,,,,,,,
7600035,2,3,2,6,3,4,4,9,,,,,,,,,
7600036,5,3,5,5,4,10,4,9,,,,,,,,,
7600038,6,5,5,8,7,6,5,8,,,,,,,,,
7600039,4,7,4,3,2,1,4,9,,,,,,,,,
7600040,4,5,5,4,4,4,6,9,,,,,,,,,
7600041,3,3,4,3,2,4,4,9,,,,,,,,,
7600042,6,7,7,4,5,6,7,9,,,,,,,,,
7600043,5,4,4,10,3,4,4,9,,,,,,,,,
7600044,3,4,3,9,2,3,3,6,,,,,,,,,
7600045,5,4,6,5,6,5,4,9,,,,,,,,,
7600046,4,7,3,3,3,3,4,9,,,,,,,,,
7600047,6,8,6,2,4,6,5,8,,,,,,,,,
7600048,7,6,7,9,4,9,5,8,,,,,,,,,
7600049,2,1,3,1,2,4,2,10,,,,,,,,,
7600050,7,5,8,7,7,10,7,8,,,,,,,,,
7600051,3,4,3,2,3,4,5,9,,,,,,,,,
7600052,2,4,3,1,2,1,1,9,,,,,,,,,
7600053,6,6,6,7,5,6,5,8,,,,,,,,,
7600054,8,7,9,8,7,8,7,6,,,,,,,,,
7600055,5,6,6,5,4,5,6,8,,,,,,,,,
7600056,10,9,10,6,10,9,9,6,,,,,,,,,
7600057,8,7,8,5,7,7,8,7,,,,,,,,,
7600058,3,2,4,3,4,3,4,8,,,,,,,,,
7600060,5,6,4,5,4,6,4,9,,,,,,,,,
7600061,10,9,10,6,9,10,8,6,,,,,,,,,
7600062,3,5,3,2,2,2,4,8,,,,,,,,,
7600063,7,7,7,10,6,7,5,7,,,,,,,,,
7600064,2,1,3,2,2,5,5,9,,,,,,,,,
7600065,10,10,10,10,9,10,9,5,,,,,,,,,
7600066,8,9,9,4,8,9,7,6,,,,,,,,,
7600068,9,9,8,10,9,8,4,7,,,,,,,,,
7600069,9,9,9,8,9,9,8,5,,,,,,,,,
7600070,10,10,10,7,10,10,10,5,,,,,,,,,
7600071,9,9,9,10,8,10,6,4,,,,,,,,,
7600072,10,9,10,10,10,9,8,5,,,,,,,,,
7600073,6,5,7,2,4,8,6,6,,,,,,,,,
7600074,6,5,6,2,4,10,4,7,,,,,,,,,
7600075,6,6,7,3,3,8,5,7,,,,,,,,,
7600076,9,7,10,9,9,8,8,5,,,,,,,,,
7600078,7,6,9,7,9,7,7,5,,,,,,,,,
7600079,4,2,5,4,7,5,4,5,,,,,,,,,
7600080,7,6,9,7,8,8,7,5,,,,,,,,,
7600081,9,9,10,6,9,9,8,4,,,,,,,,,
7600082,6,8,6,4,4,4,3,6,,,,,,,,,
7600083,9,9,8,8,8,9,6,6,,,,,,,,,
7600084,9,8,9,3,9,9,8,5,,,,,,,,,
7600085,9,8,9,9,9,9,8,7,,,,,,,,,
7600086,9,9,10,4,9,9,9,5,,,,,,,,,
7600087,5,7,6,2,4,7,3,6,,,,,,,,,
7600088,10,10,10,6,10,10,10,3,,,,,,,,,
7600089,5,7,4,3,2,6,4,8,,,,,,,,,
7600090,7,7,8,4,9,6,5,4,,,,,,,,,
7600091,5,4,5,3,5,8,5,7,,,,,,,,,
7600092,9,9,9,6,9,9,7,5,,,,,,,,,
7600093,5,6,6,4,4,4,5,5,,,,,,,,,
7600094,5,3,6,2,4,8,3,6,,,,,,,,,
7600095,7,7,5,10,5,10,2,4,,,,,,,,,
7600096,9,9,9,6,9,9,8,4,,,,,,,,,
7600097,7,7,7,5,7,6,6,4,,,,,,,,,
7600098,9,8,9,5,10,9,8,5,,,,,,,,,
7600099,8,6,9,10,8,9,6,5,,,,,,,,,
7600100,9,7,9,7,10,10,9,3,,,,,,,,,
7600101,9,8,9,5,9,9,7,6,,,,,,,,,
7600102,3,2,3,6,2,4,5,5,,,,,,,,,
7600103,9,9,9,6,8,10,8,5,,,,,,,,,
7600104,3,4,4,2,3,5,5,4,,,,,,,,,
7600105,9,9,10,3,9,10,8,6,,,,,,,,,
7600106,9,8,9,5,9,9,9,5,,,,,,,,,
7600107,6,4,8,10,8,7,3,1,,,,,,,,,
7600108,9,9,9,6,9,10,9,6,,,,,,,,,
7600109,5,5,7,4,3,7,2,5,,,,,,,,,
7600110,3,2,5,6,5,6,2,8,,,,,,,,,
7600111,10,9,10,6,10,9,9,2,,,,,,,,,
7600112,8,7,8,9,8,9,8,4,,,,,,,,,
7600113,7,7,8,4,7,7,8,6,,,,,,,,,
7600114,9,9,9,7,9,8,8,1,,,,,,,,,
7600115,6,5,6,4,8,7,6,5,,,,,,,,,
7600116,7,4,8,8,8,8,6,2,,,,,,,,,
7600117,8,6,9,6,9,5,7,6,,,,,,,,,
7600118,9,6,9,6,9,10,8,4,,,,,,,,,
7600119,10,9,10,8,9,10,9,6,,,,,,,,,
7600120,9,9,10,7,9,8,7,3,,,,,,,,,
7600121,9,7,10,4,9,9,9,5,,,,,,,,,
7600122,8,7,9,9,9,9,6,5,,,,,,,,,
7600123,9,8,9,5,10,10,9,2,,,,,,,,,
7600124,4,4,6,3,5,2,4,10,,,,,,,,,
7600125,3,5,3,5,1,3,2,9,,,,,,,,,
7600126,9,8,9,6,10,9,8,3,,,,,,,,,
7600127,9,8,9,5,9,9,8,6,,,,,,,,,
7600128,8,8,9,6,9,8,7,5,,,,,,,,,
7600129,2,1,3,4,3,4,4,9,,,,,,,,,
7600130,3,2,3,9,5,1,3,9,,,,,,,,,
7600131,9,9,9,4,10,10,8,5,,,,,,,,,
7600132,9,8,9,3,9,9,8,5,,,,,,,,,
7600133,10,9,10,8,10,10,9,6,,,,,,,,,
7600134,9,8,10,9,10,9,9,5,,,,,,,,,
7600135,4,3,6,2,4,7,3,4,,,,,,,,,
7600136,8,8,8,4,9,8,8,6,,,,,,,,,
7600137,5,4,5,7,9,6,2,7,,,,,,,,,
7600138,9,9,9,5,8,8,8,6,,,,,,,,,
7600139,8,9,9,4,9,9,7,1,,,,,,,,,
7600140,3,4,4,2,2,3,4,8,,,,,,,,,
7600141,9,9,8,5,10,9,8,1,,,,,,,,,
7600142,6,6,6,6,5,5,5,6,,,,,,,,,
7600143,9,7,9,4,10,10,6,1,,,,,,,,,
7600144,9,9,10,10,10,9,8,1,,,,,,,,,
7600145,6,6,6,10,6,8,5,5,,,,,,,,,
7600146,9,7,9,6,10,8,6,1,,,,,,,,,
7600147,1,2,1,5,3,3,2,9,,,,,,,,,
7600148,9,8,9,7,10,8,9,7,,,,,,,,,
7600149,10,9,9,10,10,9,9,2,,,,,,,,,
7600150,5,5,6,5,5,6,3,5,,,,,,,,,
7600151,6,5,7,6,3,4,8,10,,,,,,,,,
7600152,9,9,9,6,9,9,7,4,,,,,,,,,
7600153,8,7,9,7,9,7,8,5,,,,,,,,,
7600154,8,8,9,8,8,9,7,7,,,,,,,,,
7600155,8,7,6,4,6,10,9,7,,,,,,,,,
7600156,9,9,9,8,8,9,9,7,,,,,,,,,
7600157,8,7,7,10,9,9,5,2,,,,,,,,,
7600158,9,9,9,6,8,8,8,6,,,,,,,,,
7600159,2,1,4,1,3,4,5,8,,,,,,,,,
7600160,10,10,10,6,10,10,9,5,,,,,,,,,
7600161,9,9,9,8,9,9,5,1,,,,,,,,,
7600162,9,10,6,10,5,10,8,1,,,,,,,,,
7600163,8,8,9,5,9,7,6,6,,,,,,,,,
7600164,9,9,10,5,9,9,9,6,,,,,,,,,
7600165,2,1,5,5,2,1,4,10,,,,,,,,,
7600166,9,9,8,10,10,9,8,2,,,,,,,,,
7600167,10,10,10,9,10,10,7,6,,,,,,,,,
7600168,8,8,8,5,9,9,8,6,,,,,,,,,
7600169,8,7,8,10,8,7,6,1,,,,,,,,,
7600170,7,6,7,3,8,9,5,6,,,,,,,,,
7600171,4,5,3,1,6,2,6,5,,,,,,,,,
7600172,1,1,2,3,1,1,2,7,,,,,,,,,
7600173,5,5,7,1,4,6,3,9,,,,,,,,,
7600174,6,7,6,6,5,5,4,7,,,,,,,,,
7600175,10,9,9,10,9,10,9,3,,,,,,,,,
7600176,2,3,2,3,2,1,5,8,,,,,,,,,
7600177,9,8,9,8,9,10,8,7,,,,,,,,,
7600178,9,8,9,6,8,10,6,5,,,,,,,,,
7600180,4,5,5,1,2,3,4,9,,,,,,,,,
7600181,9,8,9,2,8,9,9,6,,,,,,,,,
7600182,9,8,9,3,9,10,7,6,,,,,,,,,
7600183,2,1,3,6,4,3,2,9,,,,,,,,,
7600184,5,7,5,1,2,6,4,8,,,,,,,,,
7600185,6,5,7,4,6,8,7,7,,,,,,,,,
7600186,4,6,4,4,4,4,2,6,,,,,,,,,
7600188,8,9,8,9,8,7,7,4,,,,,,,,,
7600189,8,6,9,3,9,10,5,3,,,,,,,,,
7600190,9,9,9,5,9,8,6,3,,,,,,,,,
7600191,4,4,6,7,6,3,3,8,,,,,,,,,
7600192,6,7,6,2,6,7,2,6,,,,,,,,,
7600193,2,3,3,1,2,1,4,7,,,,,,,,,
7600194,1,4,2,3,3,2,2,7,,,,,,,,,
7600195,7,6,8,4,8,7,7,3,,,,,,,,,
7600196,5,4,6,4,6,6,3,7,,,,,,,,,
7600197,8,8,9,5,9,8,6,4,,,,,,,,,
7600198,2,5,3,2,2,1,2,6,,,,,,,,,
7600199,2,5,3,2,3,2,1,7,,,,,,,,,
7600200,2,3,2,3,3,5,4,9,,,,,,,,,
7600201,5,6,5,6,6,5,4,9,,,,,,,,,
7600202,8,8,9,3,9,8,7,3,,,,,,,,,
7600203,2,1,3,8,4,5,3,7,,,,,,,,,
7600204,8,8,8,7,7,9,7,7,,,,,,,,,
7600205,8,8,9,6,8,6,7,6,,,,,,,,,
7600206,8,7,8,4,8,10,7,2,,,,,,,,,
7600207,9,9,10,7,9,8,6,5,,,,,,,,,
7600208,8,8,8,4,9,6,6,4,,,,,,,,,
7600209,9,10,9,10,9,8,6,3,,,,,,,,,
7600210,8,5,9,5,9,10,5,3,,,,,,,,,
7600211,8,7,9,7,9,10,8,3,,,,,,,,,
7600212,8,8,8,4,9,8,6,3,,,,,,,,,
7600213,7,7,9,6,6,7,6,4,,,,,,,,,
7600214,7,7,7,2,6,9,7,6,,,,,,,,,
7600215,3,4,2,1,3,4,3,9,,,,,,,,,
7600216,6,3,5,2,2,10,5,6,,,,,,,,,
7600217,1,4,2,4,2,1,1,7,,,,,,,,,
7600218,2,4,2,7,3,3,2,7,,,,,,,,,
7600219,8,6,9,7,9,8,8,2,,,,,,,,,
7600220,5,7,4,4,6,6,5,5,,,,,,,,,
7600221,9,9,9,5,8,10,7,4,,,,,,,,,
7600222,8,8,9,9,9,8,4,4,,,,,,,,,
7600223,9,9,9,4,10,8,8,4,,,,,,,,,
7600224,4,4,4,8,3,5,6,7,,,,,,,,,
7600225,7,7,7,6,7,8,8,4,,,,,,,,,
7600226,8,9,9,7,8,7,7,3,,,,,,,,,
7600227,6,7,5,4,3,4,8,10,,,,,,,,,
7600228,8,9,8,3,7,8,7,4,,,,,,,,,
7600229,7,8,6,6,6,6,6,6,,,,,,,,,
7600230,2,2,4,2,3,2,2,6,,,,,,,,,
7600231,7,7,6,5,7,7,6,6,,,,,,,,,
7600232,7,5,7,2,7,8,8,6,,,,,,,,,
7600233,6,6,7,6,7,6,3,4,,,,,,,,,
7600234,3,3,5,1,5,4,3,4,,,,,,,,,
7600235,7,7,8,5,7,7,6,4,,,,,,,,,
7600236,6,6,7,5,8,6,5,2,,,,,,,,,
7600237,8,9,8,4,8,8,7,4,,,,,,,,,
7600238,8,8,8,6,9,6,7,4,,,,,,,,,
7600239,7,4,8,3,8,8,7,2,,,,,,,,,
7600240,8,8,7,4,9,9,7,2,,,,,,,,,
7600241,7,1,5,8,10,2,10,9,,,,,,,,,
7600242,6,6,6,2,7,6,3,4,,,,,,,,,
7600243,1,1,1,4,1,3,1,6,,,,,,,,,
7600244,1,3,1,3,1,1,3,9,,,,,,,,,
7600245,6,6,7,3,7,6,5,3,,,,,,,,,
7600246,3,3,3,6,3,5,3,7,,,,,,,,,
7600247,2,4,3,4,1,2,3,8,,,,,,,,,
7600248,7,6,7,9,8,7,5,2,,,,,,,,,
7600249,8,6,8,5,8,8,9,2,,,,,,,,,
7600250,7,7,6,10,8,5,5,1,,,,,,,,,
7600251,8,8,8,2,7,8,8,7,,,,,,,,,
7600252,5,2,6,3,7,7,5,4,,,,,,,,,
7600253,7,8,8,5,8,6,5,4,,,,,,,,,
7600254,7,5,8,5,8,7,6,3,,,,,,,,,
7600255,8,8,9,5,9,8,6,6,,,,,,,,,
7600256,1,2,3,1,3,2,1,5,,,,,,,,,
7600257,8,8,8,10,7,8,6,5,,,,,,,,,
7600258,8,9,8,4,8,8,6,5,,,,,,,,,
7600259,8,8,9,5,9,8,8,5,,,,,,,,,
7600260,8,8,9,5,8,9,6,6,,,,,,,,,
7600261,9,10,8,8,8,8,8,4,,,,,,,,,
7600262,6,6,5,5,8,8,2,2,,,,,,,,,
7600263,9,9,9,10,9,10,7,2,,,,,,,,,
7600264,7,8,7,3,8,8,6,4,,,,,,,,,
7600265,8,7,8,5,8,8,8,5,,,,,,,,,
7600266,9,9,9,7,8,9,9,6,,,,,,,,,
7600267,6,7,7,2,6,8,5,6,,,,,,,,,
7600268,2,2,2,8,4,4,3,2,,,,,,,,,
7600269,8,7,7,3,8,9,7,6,,,,,,,,,
7600270,8,8,8,6,8,7,7,3,,,,,,,,,
7600271,7,7,7,4,8,8,8,2,,,,,,,,,
7600272,9,9,9,5,10,10,9,7,,,,,,,,,
7600273,5,5,7,2,6,5,5,6,,,,,,,,,
7600274,1,2,2,4,2,3,1,5,,,,,,,,,
7600275,5,2,8,2,3,6,6,3,,,,,,,,,
7600276,7,8,6,3,7,8,6,5,,,,,,,,,
7600277,10,9,10,9,10,9,7,1,,,,,,,,,
7600278,3,2,5,5,1,5,1,2,,,,,,,,,
7600279,2,3,3,3,2,1,1,8,,,,,,,,,
7600280,9,9,9,4,9,9,8,7,,,,,,,,,
7600281,4,6,3,2,2,4,3,9,,,,,,,,,
7600282,2,2,3,2,3,2,4,9,,,,,,,,,
7600283,8,8,9,9,9,9,6,2,,,,,,,,,
7600284,2,4,3,6,2,3,2,7,,,,,,,,,
7600286,3,5,3,4,2,3,4,9,,,,,,,,,
7600287,9,9,9,7,8,10,9,7,,,,,,,,,
7600288,3,3,4,4,4,2,3,6,,,,,,,,,
7600289,5,1,5,8,8,5,5,9,,,,,,,,,
7600290,6,5,6,5,4,7,6,6,,,,,,,,,
7600291,9,8,10,4,10,9,8,3,,,,,,,,,
7600292,7,7,4,3,2,10,3,4,,,,,,,,,
7600293,5,6,6,2,7,6,3,4,,,,,,,,,
7600294,9,9,8,10,9,8,5,1,,,,,,,,,
7600295,9,9,9,4,9,9,7,4,,,,,,,,,
7600296,4,6,4,3,4,4,4,5,,,,,,,,,
7600297,9,10,9,9,9,7,4,3,,,,,,,,,
7600298,9,7,9,10,9,8,8,1,,,,,,,,,
7600299,3,2,4,2,3,5,3,7,,,,,,,,,
7600300,1,2,2,1,4,1,2,9,,,,,,,,,
7600301,6,6,6,9,5,5,7,6,,,,,,,,,
7600302,9,8,7,7,10,10,7,2,,,,,,,,,
7600303,2,5,1,5,3,2,2,8,,,,,,,,,
7600304,5,4,6,3,5,7,6,8,,,,,,,,,
7600305,5,4,3,3,4,8,5,9,,,,,,,,,
7600306,3,3,4,2,4,6,2,6,,,,,,,,,
7600307,4,5,5,2,5,6,3,5,,,,,,,,,
7600308,9,9,9,2,9,9,7,6,,,,,,,,,
7600309,7,6,7,5,9,7,6,4,,,,,,,,,
7600310,8,8,8,3,9,9,7,3,,,,,,,,,
7600311,7,7,8,7,9,6,5,6,,,,,,,,,
7600312,8,8,8,6,9,7,4,4,,,,,,,,,
7600313,6,6,7,4,8,7,6,4,,,,,,,,,
7600314,7,7,8,8,8,4,6,3,,,,,,,,,
7600315,1,1,1,3,1,1,1,8,,,,,,,,,
7600316,9,8,9,4,10,9,9,4,,,,,,,,,
7600317,3,2,4,4,3,7,4,5,,,,,,,,,
7600318,7,6,7,10,7,8,7,7,,,,,,,,,
7600319,8,7,8,8,9,6,4,2,,,,,,,,,
7600320,4,4,4,2,3,4,6,10,,,,,,,,,
7600321,2,3,3,3,3,3,3,9,,,,,,,,,
7600322,5,6,6,3,6,5,5,5,,,,,,,,,
7600323,1,2,1,2,1,1,2,8,,,,,,,,,
7600324,5,2,6,3,7,7,5,4,,,,,,,,,
7600325,6,7,6,10,5,3,5,7,,,,,,,,,
7600326,4,6,1,1,2,7,4,7,,,,,,,,,
7600327,8,9,8,6,9,7,6,3,,,,,,,,,
7600328,7,6,7,7,9,9,6,2,,,,,,,,,
7600329,8,9,8,10,10,8,5,2,,,,,,,,,
7600330,7,6,7,10,8,8,7,7,,,,,,,,,
7600331,5,6,7,2,7,5,3,6,,,,,,,,,
7600332,1,2,2,3,5,2,3,8,,,,,,,,,
7600333,7,8,7,3,9,7,4,5,,,,,,,,,
7600334,6,7,6,4,8,5,4,4,,,,,,,,,
7600335,4,6,4,9,5,1,2,7,,,,,,,,,
7600336,8,8,7,9,10,7,6,2,,,,,,,,,
7600337,4,2,7,1,8,3,4,6,,,,,,,,,
7600338,8,7,8,3,8,10,8,5,,,,,,,,,
7600339,5,2,7,4,7,5,3,6,,,,,,,,,
7600340,1,3,1,2,2,3,2,8,,,,,,,,,
7600341,1,1,2,1,1,1,2,8,,,,,,,,,
7600342,9,8,9,10,10,9,4,2,,,,,,,,,
7600344,8,7,8,3,9,9,6,6,,,,,,,,,
7600345,5,5,6,6,9,3,2,2,,,,,,,,,
7600346,8,7,8,1,9,9,8,7,,,,,,,,,
7600347,2,3,2,2,3,4,3,8,,,,,,,,,
7600348,6,6,7,6,9,7,6,4,,,,,,,,,
7600349,6,7,6,3,4,9,4,5,,,,,,,,,
7600350,3,2,2,2,1,9,3,7,,,,,,,,,
7600351,5,5,7,4,8,4,5,5,,,,,,,,,
7600352,9,8,10,6,10,9,8,3,,,,,,,,,
7600353,9,8,8,6,10,10,5,3,,,,,,,,,
7600354,8,6,8,3,10,7,5,2,,,,,,,,,
7600355,2,3,2,2,2,5,3,8,,,,,,,,,
7600356,5,6,5,4,3,5,5,6,,,,,,,,,
7600357,9,9,10,7,10,8,8,3,,,,,,,,,
7600358,7,8,5,7,4,4,8,9,,,,,,,,,
7600359,9,8,8,9,10,10,6,5,,,,,,,,,
7600361,8,7,8,5,9,9,6,3,,,,,,,,,
7600362,5,5,6,7,5,8,3,6,,,,,,,,,
7600363,4,4,3,2,4,7,4,7,,,,,,,,,
7600364,1,1,1,2,1,1,3,8,,,,,,,,,
7600365,7,4,7,7,9,8,6,5,,,,,,,,,
7600366,6,6,7,10,5,5,4,8,,,,,,,,,
7600367,1,1,2,4,2,3,2,8,,,,,,,,,
7600368,1,1,2,1,2,2,3,7,,,,,,,,,
7600369,8,8,8,9,9,7,6,2,,,,,,,,,
7600370,3,4,3,7,5,2,3,9,,,,,,,,,
7600371,1,1,2,1,2,2,1,8,,,,,,,,,
7600372,4,4,4,5,6,3,4,6,,,,,,,,,
7600373,8,7,8,7,10,9,8,1,,,,,,,,,
7600374,9,8,9,10,10,9,6,2,,,,,,,,,
7600375,3,4,5,1,1,4,3,6,,,,,,,,,
7600377,1,3,2,1,1,4,2,4,,,,,,,,,
7600378,5,1,3,1,5,10,3,6,,,,,,,,,
7600379,2,1,1,1,1,9,2,7,,,,,,,,,
7600380,4,5,3,1,7,4,3,6,,,,,,,,,
7600381,1,1,2,1,2,1,2,8,,,,,,,,,
7600382,7,5,5,6,7,10,5,3,,,,,,,,,
7600383,1,1,2,4,3,3,3,6,,,,,,,,,
7600384,5,4,5,3,6,7,5,6,,,,,,,,,
7600385,8,5,8,6,10,8,6,3,,,,,,,,,
7600386,6,6,7,8,6,4,4,5,,,,,,,,,
7600387,1,2,2,1,5,1,2,8,,,,,,,,,
7600389,5,4,7,4,5,7,4,5,,,,,,,,,
7600390,1,1,2,7,3,1,4,6,,,,,,,,,
7600391,8,8,7,9,9,8,4,1,,,,,,,,,
7600392,9,9,8,9,9,9,5,1,,,,,,,,,
7600393,5,4,6,4,9,3,2,3,,,,,,,,,
7600394,5,5,6,4,7,5,3,5,,,,,,,,,
7600395,3,2,5,2,6,4,2,6,,,,,,,,,
7600396,3,2,3,4,3,7,5,5,,,,,,,,,
7600397,3,3,2,6,2,3,6,10,,,,,,,,,
7600398,2,2,3,5,4,2,3,6,,,,,,,,,
7600399,1,1,2,1,4,2,2,5,,,,,,,,,
7600400,2,1,4,5,4,1,2,6,,,,,,,,,
7600401,8,8,8,4,9,6,6,2,,,,,,,,,
7600402,1,1,1,1,4,2,2,7,,,,,,,,,
7600403,8,9,9,5,9,8,5,1,,,,,,,,,
7600404,9,8,9,5,10,10,8,6,,,,,,,,,
7600405,4,2,6,5,4,3,7,10,,,,,,,,,
7600406,8,8,8,6,10,9,7,2,,,,,,,,,
7600407,2,3,3,3,3,4,2,9,,,,,,,,,
7600408,4,3,6,2,4,4,3,4,,,,,,,,,
7600409,4,3,5,5,7,5,3,3,,,,,,,,,
7600410,6,8,8,4,4,2,6,8,,,,,,,,,
7600411,1,1,2,2,2,1,1,6,,,,,,,,,
7600413,4,5,5,7,2,2,5,10,,,,,,,,,
7600414,8,8,9,5,10,7,8,6,,,,,,,,,
7600415,5,6,6,4,6,4,4,5,,,,,,,,,
7600416,7,5,7,4,8,9,6,5,,,,,,,,,
7600417,5,2,5,5,6,9,3,3,,,,,,,,,
7600418,9,7,9,3,10,10,9,4,,,,,,,,,
7600419,5,7,4,4,8,6,2,5,,,,,,,,,
7600420,9,8,8,10,10,7,8,1,,,,,,,,,
7600421,6,7,6,5,5,5,5,7,,,,,,,,,
7600422,3,3,2,4,4,9,2,6,,,,,,,,,
7600423,4,4,6,3,6,5,2,2,,,,,,,,,
7600424,8,9,8,10,9,9,5,1,,,,,,,,,
7600425,5,3,6,7,9,6,3,2,,,,,,,,,
7600426,5,6,5,5,7,6,2,4,,,,,,,,,
7600427,4,5,5,2,4,4,3,8,,,,,,,,,
7600428,5,4,6,4,8,7,5,2,,,,,,,,,
7600429,6,6,5,10,4,7,7,6,,,,,,,,,
7600430,9,9,9,5,10,10,8,2,,,,,,,,,
7600431,3,6,4,4,6,1,2,6,,,,,,,,,
7600432,3,4,3,3,7,6,3,3,,,,,,,,,
7600434,2,3,3,1,6,3,1,4,,,,,,,,,
7600435,3,4,4,3,4,2,1,7,,,,,,,,,
7600436,6,6,7,3,8,8,4,3,,,,,,,,,
7600437,7,7,7,6,10,8,4,4,,,,,,,,,
7600438,7,6,8,5,4,10,4,4,,,,,,,,,
7600439,10,10,10,5,10,10,8,5,,,,,,,,,
7600440,5,6,2,5,3,9,2,5,,,,,,,,,
7600441,7,7,7,5,10,8,4,3,,,,,,,,,
7600442,6,6,7,2,8,7,5,3,,,,,,,,,
7600443,6,4,7,8,9,7,3,4,,,,,,,,,
7600444,3,3,1,2,1,9,2,5,,,,,,,,,
7600445,1,2,1,1,4,2,2,8,,,,,,,,,
7600446,6,5,6,9,7,5,4,5,,,,,,,,,
7600447,5,4,5,4,9,6,5,1,,,,,,,,,
7600448,5,7,6,9,4,3,3,5,,,,,,,,,
7600449,2,2,4,6,2,4,2,6,,,,,,,,,
7600450,6,6,6,4,8,8,3,1,,,,,,,,,
7600451,5,6,5,2,6,6,3,2,,,,,,,,,
7600452,5,4,5,4,8,7,2,3,,,,,,,,,
7600453,6,7,6,10,5,7,7,5,,,,,,,,,
7600454,5,3,5,2,6,10,2,5,,,,,,,,,
7600455,7,5,6,3,7,10,4,4,,,,,,,,,
7600456,5,5,6,2,7,5,2,3,,,,,,,,,
7600457,6,6,6,2,8,7,2,4,,,,,,,,,
7600458,5,2,7,3,9,5,4,3,,,,,,,,,
7600459,5,6,5,4,4,5,6,4,,,,,,,,,
7600460,9,9,8,5,10,9,8,3,,,,,,,,,
7600461,7,7,9,1,8,5,4,3,,,,,,,,,
7600462,4,4,5,2,5,7,3,3,,,,,,,,,
7600463,3,3,5,2,5,3,4,7,,,,,,,,,
7600464,5,6,6,2,8,6,3,2,,,,,,,,,
7600465,8,7,8,4,10,8,6,3,,,,,,,,,
7600466,7,6,5,10,10,5,5,2,,,,,,,,,
7600467,5,4,6,6,8,6,3,5,,,,,,,,,
7600469,5,6,5,3,5,7,3,7,,,,,,,,,
7600470,6,6,6,10,7,1,6,5,,,,,,,,,
7600471,3,3,4,4,6,4,2,4,,,,,,,,,
7600472,2,2,4,5,5,3,1,3,,,,,,,,,
7600473,1,2,1,3,3,5,1,6,,,,,,,,,
7600474,7,6,7,5,8,7,5,5,,,,,,,,,
7600475,6,6,5,5,7,8,6,3,,,,,,,,,
7600476,6,4,7,5,8,5,5,6,,,,,,,,,
7600477,9,10,7,5,8,8,8,4,,,,,,,,,
7600478,4,3,5,2,7,5,3,3,,,,,,,,,
7600479,4,2,7,2,6,6,4,4,,,,,,,,,
7600480,6,8,6,2,7,5,3,4,,,,,,,,,
7600482,1,2,2,4,1,1,1,4,,,,,,,,,
7600483,6,6,6,8,9,7,2,5,,,,,,,,,
7600484,5,1,5,7,5,9,4,5,,,,,,,,,
7600485,5,5,6,1,6,4,4,5,,,,,,,,,
7600486,4,6,3,4,6,4,3,1,,,,,,,,,
7600487,5,7,5,3,8,5,3,3,,,,,,,,,
7600488,5,6,6,2,6,7,3,5,,,,,,,,,
7600489,3,4,4,1,3,3,2,6,,,,,,,,,
7600490,7,5,7,6,10,6,6,3,,,,,,,,,
7600491,5,4,6,7,7,7,2,4,,,,,,,,,
7600492,6,6,7,3,9,6,4,4,,,,,,,,,
7600493,3,4,3,1,6,3,4,7,,,,,,,,,
7600494,4,5,4,1,7,5,4,5,,,,,,,,,
7600496,5,5,6,2,7,3,2,7,,,,,,,,,
7600497,6,2,4,1,5,10,1,6,,,,,,,,,
7600498,1,3,2,1,2,1,3,5,,,,,,,,,
7600499,7,7,7,5,9,6,6,3,,,,,,,,,
7600500,2,2,3,7,4,3,3,5,,,,,,,,,
7600501,2,4,2,4,2,2,2,6,,,,,,,,,
7600502,6,3,4,5,9,10,2,2,,,,,,,,,
7600503,4,2,5,1,6,6,3,7,,,,,,,,,
7600504,4,3,6,2,7,6,2,5,,,,,,,,,
7600505,4,2,6,2,8,7,3,4,,,,,,,,,
7600506,5,7,6,4,8,4,3,3,,,,,,,,,
7600507,5,3,6,4,7,8,3,2,,,,,,,,,
7600508,9,7,9,8,10,10,8,4,,,,,,,,,
7600509,5,2,6,3,9,7,5,4,,,,,,,,,
7600510,7,7,7,5,8,7,5,5,,,,,,,,,
7600512,6,5,7,2,9,7,5,5,,,,,,,,,
7600513,3,3,5,2,6,4,2,6,,,,,,,,,
7600514,7,8,6,2,8,8,4,5,,,,,,,,,
7600515,8,4,7,10,9,10,4,2,,,,,,,,,
7600516,2,2,2,2,2,5,4,6,,,,,,,,,
7600517,7,6,8,9,7,7,8,5,,,,,,,,,
7600518,5,3,4,9,8,5,3,4,,,,,,,,,
7600519,6,6,6,4,8,7,3,4,,,,,,,,,
7600520,10,9,10,5,10,10,9,4,,,,,,,,,
7600521,5,3,6,4,8,3,5,6,,,,,,,,,
7600522,5,5,6,6,8,5,2,3,,,,,,,,,
7600523,6,5,6,10,8,7,4,2,,,,,,,,,
7600524,4,1,5,2,8,6,5,7,,,,,,,,,
7600525,2,2,3,1,6,3,2,5,,,,,,,,,
7600526,7,7,7,1,8,7,5,4,,,,,,,,,
7600527,5,5,2,8,5,9,3,6,,,,,,,,,
7600528,5,5,7,6,8,5,2,3,,,,,,,,,
7600529,3,5,3,3,6,4,1,3,,,,,,,,,
7600530,4,1,1,3,4,9,5,7,,,,,,,,,
7600531,3,6,2,3,4,3,1,6,,,,,,,,,
7600532,1,2,2,2,4,2,2,5,,,,,,,,,
7600533,2,4,1,2,3,2,2,5,,,,,,,,,
7600534,7,8,6,5,4,5,8,7,,,,,,,,,
7600535,6,6,6,1,9,7,4,6,,,,,,,,,
7600536,4,4,6,4,8,3,3,3,,,,,,,,,
7600537,2,4,3,3,2,5,1,3,,,,,,,,,
7600538,5,5,6,2,9,5,4,3,,,,,,,,,
7600540,2,2,2,3,5,4,2,3,,,,,,,,,
7600541,1,1,2,4,2,2,4,7,,,,,,,,,
7600542,1,2,2,2,2,2,3,6,,,,,,,,,
7600543,1,1,2,3,6,3,1,3,,,,,,,,,
7600544,4,5,4,7,8,6,1,6,,,,,,,,,
7600545,4,7,2,4,2,3,6,8,,,,,,,,,
7600546,6,4,5,8,8,10,4,3,,,,,,,,,
7600547,5,5,6,3,9,4,3,4,,,,,,,,,
7600548,5,4,6,8,6,7,6,2,,,,,,,,,
7600549,6,6,5,4,9,7,4,3,,,,,,,,,
7600550,7,6,7,7,6,7,7,9,,,,,,,,,
7600551,7,5,8,10,5,7,7,4,,,,,,,,,
7600552,7,9,7,5,8,6,5,1,,,,,,,,,
7600553,6,6,7,7,9,6,4,5,,,,,,,,,
7600554,1,4,1,2,2,3,1,5,,,,,,,,,
7600555,7,6,7,3,10,6,4,2,,,,,,,,,
7600556,3,6,3,7,6,2,1,2,,,,,,,,,
7600557,3,3,5,1,7,1,1,4,,,,,,,,,
7600558,4,4,6,4,7,3,2,5,,,,,,,,,
7600559,2,5,3,3,4,1,1,5,,,,,,,,,
7600560,6,7,7,3,8,7,2,4,,,,,,,,,
7600561,6,6,6,3,8,7,5,3,,,,,,,,,
7600562,6,4,4,7,8,9,3,5,,,,,,,,,
7600564,4,4,4,5,9,4,4,3,,,,,,,,,
7600565,3,2,4,1,6,3,5,5,,,,,,,,,
7600566,4,5,5,2,8,3,3,6,,,,,,,,,
7600567,3,2,4,2,4,5,3,9,,,,,,,,,
7600568,7,6,8,8,9,4,7,2,,,,,,,,,
7600569,2,4,1,1,1,5,2,7,,,,,,,,,
7600570,4,6,4,1,4,6,2,3,,,,,,,,,
7600571,5,5,6,1,7,2,4,3,,,,,,,,,
7600572,6,5,6,4,8,6,3,5,,,,,,,,,
7600573,1,1,2,5,3,5,1,6,,,,,,,,,
7600574,6,4,6,9,9,8,3,4,,,,,,,,,
7600575,6,6,6,5,8,4,5,2,,,,,,,,,
7600576,8,8,8,7,9,9,5,1,,,,,,,,,
7600577,1,3,2,5,5,1,1,4,,,,,,,,,
7600578,3,5,5,1,6,2,3,4,,,,,,,,,
7600579,2,2,3,5,6,2,1,4,,,,,,,,,
7600580,2,2,4,7,4,4,1,1,,,,,,,,,
7600581,2,3,4,1,6,2,3,4,,,,,,,,,
7600582,4,5,4,4,2,6,5,10,,,,,,,,,
7600583,6,6,7,3,9,7,2,4,,,,,,,,,
7600584,3,3,4,3,8,2,2,5,,,,,,,,,
7600585,3,2,3,3,2,9,2,3,,,,,,,,,
7600586,2,4,2,6,5,4,1,3,,,,,,,,,
7600587,9,9,8,3,10,10,8,2,,,,,,,,,
7600588,1,1,2,3,3,4,3,2,,,,,,,,,
7600589,9,8,8,9,10,9,7,1,,,,,,,,,
7600590,5,5,7,6,5,4,5,7,,,,,,,,,
7600591,4,3,6,2,8,6,2,3,,,,,,,,,
7600592,9,9,9,1,10,10,8,4,,,,,,,,,
7600593,2,1,4,2,7,2,2,4,,,,,,,,,
7600594,8,8,8,5,9,5,6,4,,,,,,,,,
7600595,8,7,7,8,4,10,7,5,,,,,,,,,
7600596,7,6,8,6,5,7,8,5,,,,,,,,,
7600597,2,3,3,2,6,2,2,4,,,,,,,,,
7600598,4,4,4,1,8,4,3,5,,,,,,,,,
7600599,2,1,3,9,5,2,3,3,,,,,,,,,
7600600,8,9,9,8,7,8,8,3,,,,,,,,,
7600601,3,1,6,2,7,2,3,5,,,,,,,,,
7600602,5,4,5,9,9,4,4,3,,,,,,,,,
7600603,3,4,3,2,7,3,3,6,,,,,,,,,
7600604,1,2,1,2,3,3,1,2,,,,,,,,,
7600605,6,5,7,3,6,5,6,8,,,,,,,,,
7600606,3,1,4,2,8,4,4,4,,,,,,,,,
7600607,6,5,6,4,9,6,4,3,,,,,,,,,
7600608,5,5,7,1,8,3,6,1,,,,,,,,,
7600609,1,1,3,1,6,3,2,4,,,,,,,,,
7600610,8,9,7,9,8,4,3,1,,,,,,,,,
7600611,6,4,6,10,7,8,3,1,,,,,,,,,
7600612,3,2,3,1,7,6,2,4,,,,,,,,,
7600613,6,6,7,6,9,6,4,3,,,,,,,,,
7600614,3,3,3,1,6,5,2,7,,,,,,,,,
7600615,5,4,6,2,9,3,7,5,,,,,,,,,
7600616,3,1,4,1,8,4,3,4,,,,,,,,,
7600617,4,5,4,3,7,2,4,5,,,,,,,,,
7600618,6,4,6,10,10,8,4,3,,,,,,,,,
7600619,2,5,2,5,5,3,2,2,,,,,,,,,
7600620,5,3,5,3,8,6,5,5,,,,,,,,,
7600621,10,9,10,5,10,10,9,1,,,,,,,,,
7600622,3,5,3,6,6,2,2,6,,,,,,,,,
7600623,4,1,7,4,7,5,4,2,,,,,,,,,
7600624,1,1,1,3,2,5,1,4,,,,,,,,,
7600626,2,5,2,1,4,2,3,4,,,,,,,,,
7600627,3,4,2,9,6,6,1,4,,,,,,,,,
7600628,2,4,2,6,2,3,2,7,,,,,,,,,
7600629,6,6,7,6,9,5,5,1,,,,,,,,,
7600630,5,5,7,4,5,5,5,7,,,,,,,,,
7600631,3,3,4,2,6,3,3,6,,,,,,,,,
7600632,2,1,3,2,5,6,2,6,,,,,,,,,
7600633,8,8,8,7,10,9,5,2,,,,,,,,,
7600634,5,5,6,6,9,6,2,1,,,,,,,,,
7600635,4,6,5,5,6,4,1,4,,,,,,,,,
7600636,2,3,3,7,3,2,3,3,,,,,,,,,
7600637,4,5,4,1,7,5,2,4,,,,,,,,,
7600638,4,3,5,3,8,7,3,4,,,,,,,,,
7600639,2,3,3,3,7,2,1,6,,,,,,,,,
7600640,2,1,3,3,7,4,1,4,,,,,,,,,
7600641,7,7,6,5,9,8,3,2,,,,,,,,,
7600642,3,3,2,6,6,7,2,1,,,,,,,,,
7600643,1,1,2,2,3,1,1,3,,,,,,,,,
7600644,4,3,5,6,8,4,1,3,,,,,,,,,
7600645,3,3,3,7,8,5,2,2,,,,,,,,,
7600646,6,6,6,5,10,6,1,1,,,,,,,,,
7600647,5,5,2,8,8,9,3,3,,,,,,,,,
7600648,2,1,3,1,5,6,2,5,,,,,,,,,
7600649,4,3,4,6,8,6,1,2,,,,,,,,,
7600650,2,3,4,1,6,1,3,3,,,,,,,,,
7600651,1,1,1,1,3,4,2,7,,,,,,,,,
7600652,3,4,5,1,5,2,2,5,,,,,,,,,
7600653,3,3,4,4,6,3,2,4,,,,,,,,,
7600654,6,5,7,4,9,6,3,3,,,,,,,,,
7600655,4,3,6,1,8,4,4,5,,,,,,,,,
7600656,5,4,5,3,9,5,6,1,,,,,,,,,
7600657,7,5,8,10,5,5,8,6,,,,,,,,,
7600658,4,5,1,5,5,9,1,2,,,,,,,,,
7600659,2,1,4,1,7,5,2,6,,,,,,,,,
7600660,3,1,4,9,9,3,1,1,,,,,,,,,
7600661,5,4,6,9,9,7,1,1,,,,,,,,,
7600662,6,4,7,4,9,4,2,3,,,,,,,,,
7600663,4,1,6,2,8,6,4,1,,,,,,,,,
7600665,4,2,6,1,7,5,4,6,,,,,,,,,
7600666,5,5,7,2,4,6,5,6,,,,,,,,,
7600667,4,7,2,1,6,6,1,6,,,,,,,,,
7600668,2,3,3,2,3,3,3,6,,,,,,,,,
7600669,10,10,10,8,10,10,8,1,,,,,,,,,
7600670,2,3,3,7,8,1,2,3,,,,,,,,,
7600671,4,4,5,3,6,6,4,5,,,,,,,,,
7600672,6,7,7,5,5,5,7,7,,,,,,,,,
7600673,2,3,2,1,4,3,2,7,,,,,,,,,
7600674,5,4,7,1,8,5,2,3,,,,,,,,,
7600675,7,7,7,6,10,4,5,3,,,,,,,,,
7600677,4,5,4,1,6,7,1,6,,,,,,,,,
7600678,9,9,9,5,10,9,8,2,,,,,,,,,
7600679,1,1,1,5,3,2,2,3,,,,,,,,,
7600680,2,2,3,1,4,3,4,5,,,,,,,,,
7600681,10,10,9,9,10,10,5,2,,,,,,,,,
7600682,6,5,5,10,8,6,2,3,,,,,,,,,
7600683,2,2,4,1,6,3,1,5,,,,,,,,,
7600684,9,10,9,3,10,9,6,2,,,,,,,,,
7600685,10,10,10,6,10,10,7,2,,,,,,,,,
7600686,5,6,5,7,9,3,3,2,,,,,,,,,
7600687,7,8,5,7,9,8,3,1,,,,,,,,,
7600688,5,7,3,9,7,7,1,1,,,,,,,,,
7600689,10,10,10,8,10,8,10,6,,,,,,,,,
7600690,2,1,5,1,6,2,4,4,,,,,,,,,
7600691,4,4,4,5,7,5,5,4,,,,,,,,,
7600692,6,7,5,8,8,8,1,2,,,,,,,,,
7600693,1,2,1,1,3,1,2,4,,,,,,,,,
7600694,9,10,9,8,10,8,7,2,,,,,,,,,
7600695,2,4,2,3,6,3,3,5,,,,,,,,,
7600696,4,2,5,2,9,5,3,4,,,,,,,,,
7600697,2,3,3,4,4,4,2,6,,,,,,,,,
7600698,7,7,9,6,4,2,5,8,,,,,,,,,
7600699,3,5,3,5,7,5,1,1,,,,,,,,,
7600700,4,1,6,3,9,4,3,3,,,,,,,,,
7600701,1,2,2,1,3,2,3,7,,,,,,,,,
7600702,6,6,6,6,8,5,4,3,,,,,,,,,
7600703,3,3,3,1,7,4,3,5,,,,,,,,,
7600704,5,5,5,9,2,3,7,9,,,,,,,,,
7600705,6,6,7,8,10,7,2,1,,,,,,,,,
7600706,4,4,4,3,7,6,5,4,,,,,,,,,
7600707,6,7,5,6,8,6,6,2,,,,,,,,,
7600708,8,6,8,4,9,9,6,4,,,,,,,,,
7600709,4,3,5,1,9,3,4,4,,,,,,,,,
7600710,4,4,6,4,4,3,2,8,,,,,,,,,
7600711,1,3,2,4,1,1,1,5,,,,,,,,,
7600712,6,7,5,5,8,6,3,2,,,,,,,,,
7600713,7,6,9,4,6,5,6,7,,,,,,,,,
7600714,5,4,3,7,10,9,1,2,,,,,,,,,
7600715,1,3,1,4,3,6,1,2,,,,,,,,,
7600716,5,5,4,9,8,7,1,1,,,,,,,,,
7600717,4,3,5,4,9,4,2,4,,,,,,,,,
7600718,8,9,8,6,10,7,6,6,,,,,,,,,
7600719,4,6,2,3,1,3,6,8,,,,,,,,,
7600720,7,6,6,10,9,6,2,1,,,,,,,,,
7600721,3,1,6,1,7,5,3,5,,,,,,,,,
7600722,8,7,7,5,10,10,8,1,,,,,,,,,
7600723,1,2,2,3,5,2,1,1,,,,,,,,,
7600724,8,7,8,6,9,9,4,2,,,,,,,,,
7600725,7,6,7,6,7,5,9,8,,,,,,,,,
7600726,7,6,6,10,9,7,5,2,,,,,,,,,
7600727,4,4,4,3,7,6,2,3,,,,,,,,,
7600728,7,4,9,3,7,4,7,9,,,,,,,,,
7600729,2,3,4,6,3,1,2,8,,,,,,,,,
7600730,1,1,1,7,4,3,1,2,,,,,,,,,
7600731,2,3,5,2,5,2,2,6,,,,,,,,,
7600732,4,1,6,1,8,4,3,4,,,,,,,,,
7600733,4,5,4,5,7,6,2,1,,,,,,,,,
7600734,2,2,1,6,5,5,1,1,,,,,,,,,
7600735,1,3,2,2,4,1,3,6,,,,,,,,,
7600736,3,3,3,3,6,6,2,7,,,,,,,,,
7600737,6,7,6,7,7,5,1,1,,,,,,,,,
7600738,6,6,7,7,10,3,4,1,,,,,,,,,
7600739,4,6,4,8,6,5,2,2,,,,,,,,,
7600740,10,10,10,4,10,10,9,3,,,,,,,,,
7600741,2,1,4,1,7,3,3,5,,,,,,,,,
7600742,5,5,4,5,9,8,1,3,,,,,,,,,
7600743,3,3,4,3,8,2,3,3,,,,,,,,,
7600744,3,3,5,2,7,3,3,5,,,,,,,,,
7600745,6,4,6,4,10,6,1,1,,,,,,,,,
7600746,5,4,6,5,9,3,2,2,,,,,,,,,
7600747,3,1,5,1,6,3,2,6,,,,,,,,,
7600748,5,5,4,10,8,5,2,1,,,,,,,,,
7600749,2,1,2,3,7,6,1,3,,,,,,,,,
7600750,4,3,5,4,9,4,4,3,,,,,,,,,
7600751,3,4,4,3,7,1,2,1,,,,,,,,,
7600752,3,5,3,1,3,5,1,6,,,,,,,,,
7600753,4,1,5,7,8,8,1,3,,,,,,,,,
7600754,6,4,5,9,9,9,1,1,,,,,,,,,
7600755,2,1,4,2,5,5,2,6,,,,,,,,,
7600756,5,5,5,7,8,7,3,2,,,,,,,,,
7600757,2,2,2,6,6,4,1,1,,,,,,,,,
7600758,6,6,7,6,9,4,3,1,,,,,,,,,
7600759,6,3,5,10,9,8,3,3,,,,,,,,,
7600760,2,3,3,6,6,3,1,1,,,,,,,,,
7600761,3,3,3,9,8,3,2,2,,,,,,,,,
7600762,3,2,4,2,8,5,1,5,,,,,,,,,
7600763,3,4,3,9,6,4,1,1,,,,,,,,,
7600765,6,6,5,3,9,6,5,3,,,,,,,,,
7600766,4,3,5,3,7,6,3,4,,,,,,,,,
7600767,4,5,4,2,6,5,4,2,,,,,,,,,
7600768,8,7,9,5,6,8,7,7,,,,,,,,,
7600769,10,10,10,4,10,10,10,3,,,,,,,,,
7600770,4,5,2,7,6,7,1,1,,,,,,,,,
7600771,3,4,1,5,8,3,2,3,,,,,,,,,
7600772,3,5,4,1,6,5,2,5,,,,,,,,,
7600773,7,9,6,9,8,8,1,2,,,,,,,,,
7600774,2,3,3,3,7,4,1,1,,,,,,,,,
7600775,5,6,5,6,8,6,2,1,,,,,,,,,
7600776,2,5,1,1,5,1,1,6,,,,,,,,,
7600777,3,4,2,9,7,5,1,1,,,,,,,,,
7600778,3,1,5,1,7,4,3,3,,,,,,,,,
7600779,4,7,4,1,6,1,4,6,,,,,,,,,
7600780,3,2,3,7,5,8,2,5,,,,,,,,,
7600781,1,1,1,6,5,3,1,1,,,,,,,,,
7600782,1,1,1,6,6,5,1,1,,,,,,,,,
7600783,4,4,6,1,9,3,3,2,,,,,,,,,
7600784,5,4,6,1,6,3,6,9,,,,,,,,,
7600785,8,10,7,9,7,8,3,2,,,,,,,,,
7600786,5,3,7,7,5,6,5,7,,,,,,,,,
7600787,4,1,5,4,5,9,1,3,,,,,,,,,
7600788,5,4,5,9,9,6,2,1,,,,,,,,,
7600789,8,8,7,10,10,7,5,1,,,,,,,,,
7600790,5,6,4,10,8,5,2,1,,,,,,,,,
7600791,2,4,2,3,5,3,3,7,,,,,,,,,
7600792,3,3,4,1,6,5,3,6,,,,,,,,,
7600793,3,2,3,4,6,8,2,4,,,,,,,,,
7600794,2,3,2,1,4,6,2,3,,,,,,,,,
7600795,6,2,6,5,9,8,5,1,,,,,,,,,
7600796,4,3,6,3,9,4,2,4,,,,,,,,,
7600797,2,2,4,1,2,4,5,8,,,,,,,,,
7600798,2,1,4,1,7,1,1,4,,,,,,,,,
7600799,3,3,5,1,5,3,3,7,,,,,,,,,
7600800,6,8,6,8,8,5,3,1,,,,,,,,,
7600801,3,5,3,2,7,3,2,4,,,,,,,,,
7600802,1,1,1,1,5,1,2,2,,,,,,,,,
7600803,5,8,2,8,7,2,1,1,,,,,,,,,
7600804,1,2,2,2,4,3,2,5,,,,,,,,,
7600805,2,2,3,1,6,4,2,2,,,,,,,,,
7600806,8,9,7,6,10,9,5,2,,,,,,,,,
7600807,4,4,5,6,8,7,2,3,,,,,,,,,
7600808,3,2,4,1,3,8,2,5,,,,,,,,,
7600809,3,4,2,8,9,3,2,2,,,,,,,,,
7600810,4,3,4,10,7,5,5,1,,,,,,,,,
7600811,6,7,7,4,8,2,2,1,,,,,,,,,
7600812,6,4,7,7,9,7,4,4,,,,,,,,,
7600813,8,5,9,7,10,8,7,2,,,,,,,,,
7600814,2,3,2,5,8,2,1,1,,,,,,,,,
7600815,1,2,1,6,4,3,3,6,,,,,,,,,
7600816,3,5,2,7,7,4,1,1,,,,,,,,,
7600817,2,3,4,7,3,3,1,1,,,,,,,,,
7600818,2,5,1,3,2,2,2,5,,,,,,,,,
7600819,6,4,7,10,4,7,5,6,,,,,,,,,
7600820,3,4,4,2,8,1,2,4,,,,,,,,,
7600821,4,3,5,2,8,3,3,5,,,,,,,,,
7600822,2,2,3,2,5,2,2,4,,,,,,,,,
7600823,3,4,4,1,5,5,2,6,,,,,,,,,
7600824,5,5,3,6,8,7,1,1,,,,,,,,,
7600825,8,8,8,2,7,6,7,6,,,,,,,,,
7600826,6,6,6,10,8,6,1,1,,,,,,,,,
7600827,4,4,4,4,8,6,3,5,,,,,,,,,
7600828,2,4,3,2,4,5,2,4,,,,,,,,,
7600829,3,3,2,9,7,2,1,1,,,,,,,,,
7600830,4,5,2,7,7,6,3,1,,,,,,,,,
7600831,10,5,10,9,10,10,10,1,,,,,,,,,
7600832,1,1,1,2,6,6,1,4,,,,,,,,,
7600833,3,3,4,10,7,2,1,1,,,,,,,,,
7600834,3,3,2,2,7,5,2,7,,,,,,,,,
7600835,3,2,4,2,7,4,4,5,,,,,,,,,
7600836,3,3,2,10,6,3,1,1,,,,,,,,,
7600837,3,2,1,10,7,5,2,1,,,,,,,,,
7600838,4,2,4,9,8,7,2,1,,,,,,,,,
7600839,4,5,4,1,8,2,2,4,,,,,,,,,
7600840,2,5,2,3,4,3,1,7,,,,,,,,,
7600841,4,3,3,8,9,4,1,1,,,,,,,,,
7600842,2,2,2,4,6,4,2,1,,,,,,,,,
7600843,3,3,4,1,7,5,1,5,,,,,,,,,
7600844,5,3,4,3,8,10,1,4,,,,,,,,,
7600845,5,6,3,9,8,5,2,2,,,,,,,,,
7600846,1,1,2,1,3,3,3,6,,,,,,,,,
7600847,3,3,4,2,8,4,1,5,,,,,,,,,
7600848,1,1,2,2,2,1,2,3,,,,,,,,,
7600849,9,8,9,6,10,9,7,2,,,,,,,,,
7600850,2,4,1,6,7,3,2,1,,,,,,,,,
7600851,4,4,5,4,7,4,2,5,,,,,,,,,
7600852,2,2,3,1,2,2,4,5,,,,,,,,,
7600853,2,2,2,1,2,6,4,5,,,,,,,,,
7600854,3,4,3,4,8,5,1,2,,,,,,,,,
7600855,5,4,6,9,10,2,2,2,,,,,,,,,
7600856,4,3,3,5,2,7,6,9,,,,,,,,,
7600857,5,8,6,3,3,2,5,7,,,,,,,,,
7600858,2,3,3,7,3,3,4,2,,,,,,,,,
7600859,9,10,9,7,10,8,8,2,,,,,,,,,
7600860,1,1,1,1,2,1,1,4,,,,,,,,,
7600861,2,3,2,8,5,4,1,1,,,,,,,,,
7600862,6,5,5,7,8,10,2,1,,,,,,,,,
7600863,1,2,1,3,6,3,1,1,,,,,,,,,
7600864,2,3,4,1,8,1,1,4,,,,,,,,,
7600865,2,1,4,3,4,5,3,6,,,,,,,,,
7600866,2,2,3,2,6,3,2,5,,,,,,,,,
7600867,9,10,9,5,10,9,7,2,,,,,,,,,
7600868,1,2,2,3,5,4,1,5,,,,,,,,,
7600869,6,4,7,6,5,6,5,6,,,,,,,,,
7600870,4,6,3,9,8,3,2,1,,,,,,,,,
7600871,1,2,3,1,4,2,2,4,,,,,,,,,
7600872,1,4,2,1,3,1,1,4,,,,,,,,,
7600873,2,2,3,1,8,1,3,4,,,,,,,,,
7600874,2,5,1,5,6,1,2,1,,,,,,,,,
7600875,3,5,4,2,8,1,2,3,,,,,,,,,
7600877,2,2,2,1,3,6,3,6,,,,,,,,,
7600878,4,5,4,2,4,5,6,7,,,,,,,,,
7600879,4,3,5,7,9,4,3,2,,,,,,,,,
7600880,1,1,2,8,4,3,1,2,,,,,,,,,
7600881,9,10,8,9,9,8,3,1,,,,,,,,,
7600882,3,3,3,3,9,6,1,2,,,,,,,,,
7600883,1,1,1,2,3,3,1,5,,,,,,,,,
7600884,4,3,4,6,8,4,3,5,,,,,,,,,
7600885,4,3,4,3,9,3,2,3,,,,,,,,,
7600886,2,2,3,2,6,4,2,3,,,,,,,,,
7600887,2,5,1,2,2,2,2,5,,,,,,,,,
7600888,5,6,3,8,4,6,5,9,,,,,,,,,
7600889,6,7,4,10,9,6,2,1,,,,,,,,,
7600890,2,2,2,10,6,3,2,2,,,,,,,,,
7600891,2,4,1,4,4,2,3,4,,,,,,,,,
7600892,8,7,3,8,8,10,3,2,,,,,,,,,
7600893,1,1,2,6,6,2,2,1,,,,,,,,,
7600894,10,10,9,8,10,10,6,1,,,,,,,,,
7600895,8,9,8,10,10,8,6,4,,,,,,,,,
7600896,2,2,2,2,5,4,2,6,,,,,,,,,
7600897,2,3,3,7,5,4,2,7,,,,,,,,,
7600898,4,3,2,8,5,10,1,3,,,,,,,,,
7600899,2,4,1,5,6,4,1,5,,,,,,,,,
7600900,1,1,1,1,2,3,2,5,,,,,,,,,
7600901,1,1,2,2,5,2,1,3,,,,,,,,,
7600902,3,3,5,2,8,5,2,2,,,,,,,,,
7600903,7,7,6,6,9,7,6,3,,,,,,,,,
7600904,3,3,2,8,7,4,1,2,,,,,,,,,
7600905,1,1,2,6,6,1,1,2,,,,,,,,,
7600906,3,4,4,5,2,3,2,7,,,,,,,,,
7600907,3,4,3,1,7,2,1,5,,,,,,,,,
7600908,7,7,8,4,5,5,8,5,,,,,,,,,
7600910,3,5,5,1,3,2,4,6,,,,,,,,,
7600912,2,2,2,6,8,1,4,2,,,,,,,,,
7600913,2,3,2,5,7,2,1,2,,,,,,,,,
7600914,6,4,4,8,9,9,2,1,,,,,,,,,
7600915,2,1,3,4,7,5,3,5,,,,,,,,,
7600916,3,6,1,9,4,3,1,4,,,,,,,,,
7600917,4,5,2,10,8,6,1,1,,,,,,,,,
7600918,5,4,4,4,6,9,2,1,,,,,,,,,
7600919,1,1,1,3,1,3,2,4,,,,,,,,,
7600920,2,2,1,4,8,3,1,2,,,,,,,,,
7600921,4,3,2,10,9,3,1,1,,,,,,,,,
7600922,2,3,1,10,4,1,2,3,,,,,,,,,
7600923,1,1,1,1,1,5,1,8,,,,,,,,,
7600924,2,1,2,2,7,6,4,3,,,,,,,,,
7600925,4,3,2,7,9,7,2,2,,,,,,,,,
7600926,2,4,3,1,6,3,2,2,,,,,,,,,
7600927,3,2,3,2,10,1,1,1,,,,,,,,,
7600928,5,4,3,10,9,4,1,1,,,,,,,,,
7600929,3,3,2,4,10,1,2,1,,,,,,,,,
7600930,3,3,4,4,8,4,1,3,,,,,,,,,
7600932,1,3,1,1,3,1,2,6,,,,,,,,,
7600933,7,8,5,10,9,4,1,1,,,,,,,,,
7600934,5,6,2,10,9,4,1,1,,,,,,,,,
7600935,4,2,4,6,9,5,1,1,,,,,,,,,
7600936,1,1,1,2,2,1,1,6,,,,,,,,,
7600937,3,4,2,9,8,4,1,1,,,,,,,,,
7600938,2,3,3,2,3,3,2,6,,,,,,,,,
7600939,2,1,1,5,10,1,1,1,,,,,,,,,
7600940,1,2,2,2,5,2,3,2,,,,,,,,,
7600941,7,7,5,8,10,7,1,1,,,,,,,,,
7600942,2,4,2,3,6,3,2,2,,,,,,,,,
7600943,5,4,4,10,10,4,2,1,,,,,,,,,
7600944,3,4,4,7,8,3,2,1,,,,,,,,,
7600945,2,1,3,4,8,5,2,2,,,,,,,,,
7600946,2,6,1,1,3,1,1,3,,,,,,,,,
7600947,4,4,5,4,8,4,1,6,,,,,,,,,
7600948,2,1,2,9,7,3,1,1,,,,,,,,,
7600949,8,10,8,10,9,3,5,1,,,,,,,,,
7600950,2,2,1,1,1,7,4,9,,,,,,,,,
7600951,9,10,6,10,9,10,8,1,,,,,,,,,
7600952,2,3,2,5,7,2,1,2,,,,,,,,,
7600953,4,4,2,10,8,4,2,5,,,,,,,,,
7600954,2,2,2,7,9,1,2,1,,,,,,,,,
7600955,5,8,4,8,7,1,2,2,,,,,,,,,
7600956,7,5,2,10,8,9,8,1,,,,,,,,,
7600957,5,5,7,1,5,5,5,5,,,,,,,,,
7600958,1,2,1,4,5,1,2,2,,,,,,,,,
7600959,3,4,3,2,3,3,4,9,,,,,,,,,
7600960,4,6,6,5,4,4,4,7,,,,,,,,,
7600961,4,2,1,10,10,1,1,1,,,,,,,,,
7600962,3,3,2,3,5,8,2,6,,,,,,,,,
7600964,4,4,2,9,8,5,1,1,,,,,,,,,
7600965,1,3,1,2,1,1,1,7,,,,,,,,,
7600966,1,3,2,2,2,2,1,4,,,,,,,,,
7600967,6,6,7,3,5,4,5,7,,,,,,,,,
7600968,5,2,4,10,10,5,1,1,,,,,,,,,
7600969,2,5,2,1,3,4,1,7,,,,,,,,,
7600970,3,1,3,9,8,6,1,1,,,,,,,,,
7600971,6,6,4,10,9,6,2,2,,,,,,,,,
7600972,1,1,1,1,4,2,1,2,,,,,,,,,
7600973,6,5,3,10,10,1,3,1,,,,,,,,,
7600974,5,4,3,5,3,10,1,6,,,,,,,,,
7600975,6,6,6,9,8,7,2,3,,,,,,,,,
7600976,2,2,1,7,10,1,1,1,,,,,,,,,
7600977,3,3,2,10,10,1,1,1,,,,,,,,,
7600978,4,3,3,10,8,2,2,1,,,,,,,,,
7600979,1,1,3,2,6,4,2,3,,,,,,,,,
7600980,4,6,2,7,10,1,1,1,,,,,,,,,
7600981,2,3,3,6,6,4,2,3,,,,,,,,,
7600982,1,2,1,7,7,1,1,4,,,,,,,,,
7600983,3,2,2,5,6,9,2,2,,,,,,,,,
7600984,3,7,2,3,6,1,1,3,,,,,,,,,
7600985,3,4,2,4,10,2,1,1,,,,,,,,,
7600986,4,3,1,10,8,2,1,1,,,,,,,,,
7600987,1,3,2,2,3,2,1,5,,,,,,,,,
7600988,3,2,4,4,8,5,1,2,,,,,,,,,
7600989,2,1,1,3,10,1,1,1,,,,,,,,,
7600990,6,6,6,3,7,8,4,7,,,,,,,,,
7600991,4,2,3,8,10,8,1,1,,,,,,,,,
7600992,3,3,1,10,10,1,1,1,,,,,,,,,
7600993,2,2,2,7,2,5,5,7,,,,,,,,,
7600995,2,3,2,3,6,5,2,3,,,,,,,,,
7600996,1,1,2,4,5,1,4,2,,,,,,,,,
7600997,2,1,1,10,5,1,3,1,,,,,,,,,
7600998,1,2,1,1,1,1,2,6,,,,,,,,,
7600999,2,2,1,10,6,1,1,1,,,,,,,,,
7601000,3,1,4,8,9,2,1,1,,,,,,,,,
7601001,3,3,4,9,8,2,2,1,,,,,,,,,
7601002,4,3,2,10,9,1,1,1,,,,,,,,,
7601003,1,3,1,6,4,4,2,2,,,,,,,,,
7601004,5,5,4,10,8,2,4,2,,,,,,,,,
7601005,5,4,6,6,6,7,5,7,,,,,,,,,
7601006,1,3,1,4,4,1,1,3,,,,,,,,,
7601007,4,5,3,3,9,3,1,2,,,,,,,,,
7601008,4,3,4,9,7,4,1,4,,,,,,,,,
7601009,4,4,3,5,8,7,2,3,,,,,,,,,
7601010,2,1,2,8,8,5,1,2,,,,,,,,,
7601011,6,7,7,3,5,7,4,7,,,,,,,,,
7601012,1,2,1,1,1,3,2,2,,,,,,,,,
7601013,2,1,3,7,8,4,2,1,,,,,,,,,
7601014,5,6,5,5,2,3,4,7,,,,,,,,,
7601015,2,2,2,9,5,2,2,1,,,,,,,,,
7601016,3,3,1,8,8,3,1,1,,,,,,,,,
7601017,3,3,2,8,8,4,1,1,,,,,,,,,
7601018,5,4,3,8,9,4,4,1,,,,,,,,,
7601019,6,6,3,5,7,10,4,2,,,,,,,,,
7601020,2,1,2,1,8,1,4,1,,,,,,,,,
7601021,7,5,7,4,8,9,8,6,,,,,,,,,
7601022,2,1,3,8,8,1,2,1,,,,,,,,,
7601023,1,1,1,5,4,1,1,8,,,,,,,,,
7601024,3,3,2,8,8,2,2,1,,,,,,,,,
7601025,4,2,6,5,8,4,3,1,,,,,,,,,
7601026,3,2,2,10,9,1,2,1,,,,,,,,,
7601027,7,9,6,8,9,6,2,1,,,,,,,,,
7601028,6,8,4,8,10,4,3,1,,,,,,,,,
7601029,1,3,1,3,2,1,1,3,,,,,,,,,
7601030,1,1,2,1,4,4,1,6,,,,,,,,,
7601031,6,6,6,9,9,7,3,2,,,,,,,,,
7601032,5,3,2,10,9,8,1,1,,,,,,,,,
7601034,5,5,5,9,9,3,4,1,,,,,,,,,
7601035,1,1,1,10,5,1,1,3,,,,,,,,,
7601036,9,8,8,10,10,2,7,8,,,,,,,,,
7601037,4,1,5,4,6,7,3,6,,,,,,,,,
7601038,4,4,4,7,6,7,2,3,,,,,,,,,
7601039,2,2,2,3,8,2,4,2,,,,,,,,,
7601040,1,3,1,5,6,3,1,3,,,,,,,,,
7601041,3,3,2,4,10,2,2,1,,,,,,,,,
7601042,6,3,3,10,8,10,2,2,,,,,,,,,
7601043,1,1,2,3,5,1,1,4,,,,,,,,,
7601044,1,1,1,10,3,3,1,2,,,,,,,,,
7601045,1,1,1,5,1,3,3,4,,,,,,,,,
7601046,6,2,5,5,8,10,4,1,,,,,,,,,
7601047,1,2,1,7,3,1,3,3,,,,,,,,,
7601048,4,3,3,10,7,6,3,7,,,,,,,,,
7601049,1,1,1,1,2,2,1,8,,,,,,,,,
7601050,3,2,5,3,3,3,4,8,,,,,,,,,
7601051,6,5,6,6,9,6,3,2,,,,,,,,,
7601052,3,2,4,1,9,1,3,1,,,,,,,,,
7601053,7,3,7,10,9,9,6,3,,,,,,,,,
7601054,4,4,5,3,6,6,4,5,,,,,,,,,
7601055,1,3,2,1,3,3,1,7,,,,,,,,,
7601058,5,5,5,7,8,8,2,2,,,,,,,,,
7601059,3,3,4,3,7,3,2,6,,,,,,,,,
7601060,5,6,3,10,5,8,2,2,,,,,,,,,
7601061,2,4,3,4,4,4,2,3,,,,,,,,,
7601062,7,7,7,6,9,8,4,4,,,,,,,,,
7601063,7,7,7,10,7,6,5,1,,,,,,,,,
7601064,5,3,6,6,7,7,5,5,,,,,,,,,
7601065,2,1,3,10,7,1,1,2,,,,,,,,,
7601067,1,2,1,2,2,4,1,2,,,,,,,,,
7601068,1,4,1,4,3,1,2,3,,,,,,,,,
7601069,3,4,2,10,8,3,1,1,,,,,,,,,
7601070,6,5,5,5,8,7,5,2,,,,,,,,,
7601071,3,4,3,8,7,1,2,1,,,,,,,,,
7601072,8,5,8,3,9,10,8,5,,,,,,,,,
7601073,2,1,2,7,8,1,1,2,,,,,,,,,
7601074,6,4,6,8,5,7,6,3,,,,,,,,,
7601075,3,4,2,8,6,3,2,3,,,,,,,,,
7601077,7,5,8,3,8,9,8,5,,,,,,,,,
7601078,3,5,3,10,6,2,1,3,,,,,,,,,
7601079,4,5,3,8,7,7,2,1,,,,,,,,,
7601080,8,8,7,10,9,7,5,1,,,,,,,,,
7601081,3,4,4,2,4,3,3,9,,,,,,,,,
7601082,3,2,2,9,8,3,1,2,,,,,,,,,
7601083,5,1,6,9,7,9,3,2,,,,,,,,,
7601084,1,1,2,2,3,3,1,5,,,,,,,,,
7601085,4,3,3,1,7,9,1,5,,,,,,,,,
7601086,3,1,4,6,6,6,4,2,,,,,,,,,
7601087,1,1,1,3,5,2,2,4,,,,,,,,,
7601088,1,1,2,2,5,3,1,5,,,,,,,,,
7601089,4,3,5,3,7,6,3,3,,,,,,,,,
7601090,9,8,10,7,10,10,9,5,,,,,,,,,
7601091,8,6,7,6,10,9,9,2,,,,,,,,,
7601092,10,9,10,6,10,10,10,3,,,,,,,,,
7601093,7,7,8,10,9,7,2,2,,,,,,,,,
7601094,2,1,3,6,6,4,2,5,,,,,,,,,
7601095,1,2,1,3,1,1,1,6,,,,,,,,,
7601096,1,1,2,2,2,3,5,8,,,,,,,,,
7601097,8,8,8,6,9,8,5,2,,,,,,,,,
7601098,8,8,9,6,9,8,8,6,,,,,,,,,
7601099,4,2,5,2,7,8,1,4,,,,,,,,,
7601100,1,1,1,4,2,1,3,6,,,,,,,,,
7601101,10,9,10,8,10,10,10,3,,,,,,,,,
7601102,1,1,1,6,4,1,1,3,,,,,,,,,
7601103,7,7,6,8,9,8,7,3,,,,,,,,,
7601104,2,4,1,8,4,2,1,5,,,,,,,,,
7601105,1,2,1,5,1,1,1,3,,,,,,,,,
7601106,6,7,6,4,7,7,5,2,,,,,,,,,
7601107,10,8,9,7,10,10,10,2,,,,,,,,,
7601108,6,5,6,7,8,8,5,1,,,,,,,,,
7601109,1,2,2,1,1,3,3,8,,,,,,,,,
7601110,1,1,2,6,8,1,2,3,,,,,,,,,
7601111,3,2,3,4,7,6,2,3,,,,,,,,,
7601112,9,8,9,5,10,8,9,1,,,,,,,,,
7601113,7,7,7,5,8,8,6,5,,,,,,,,,
7601114,8,7,7,5,8,8,8,4,,,,,,,,,
7601115,2,4,1,2,6,3,2,4,,,,,,,,,
7601116,1,1,2,1,5,3,1,6,,,,,,,,,
7601117,10,9,9,5,10,10,10,1,,,,,,,,,
7601118,10,8,10,5,10,10,10,3,,,,,,,,,
7601119,1,3,1,4,3,2,2,5,,,,,,,,,
7601120,1,1,1,1,2,1,1,4,,,,,,,,,
7601121,5,2,5,8,7,10,1,5,,,,,,,,,
7601122,3,1,3,10,8,1,2,2,,,,,,,,,
7601123,9,7,8,10,10,9,9,1,,,,,,,,,
7601124,1,1,2,2,1,1,1,10,,,,,,,,,
7601125,9,9,9,7,10,9,9,1,,,,,,,,,
7601126,5,4,6,8,8,4,5,5,,,,,,,,,
7601127,2,2,1,6,7,1,2,2,,,,,,,,,
7601128,3,4,4,2,6,4,1,5,,,,,,,,,
7601129,10,9,10,8,10,10,9,4,,,,,,,,,
7601130,5,3,6,7,7,8,4,3,,,,,,,,,
7601131,8,8,7,4,9,8,7,5,,,,,,,,,
7601132,1,4,1,3,5,2,2,4,,,,,,,,,
7601133,3,4,5,1,3,1,5,9,,,,,,,,,
7601134,1,1,2,5,5,1,3,4,,,,,,,,,
7601135,10,8,10,7,10,10,10,1,,,,,,,,,
7601136,4,4,3,5,5,9,1,5,,,,,,,,,
7601137,2,1,2,9,8,3,1,1,,,,,,,,,
7601138,2,1,3,3,7,4,2,3,,,,,,,,,
7601139,1,1,1,5,2,1,2,2,,,,,,,,,
7601140,9,8,9,5,10,9,9,4,,,,,,,,,
7601141,4,6,4,2,2,4,5,8,,,,,,,,,
7601142,9,9,9,10,10,9,6,4,,,,,,,,,
7601143,3,6,3,5,5,5,1,2,,,,,,,,,
7601144,10,7,10,6,10,10,10,2,,,,,,,,,
7601145,3,3,2,10,7,5,2,1,,,,,,,,,
7601146,1,1,1,1,3,1,1,5,,,,,,,,,
7601147,2,3,4,1,4,4,2,5,,,,,,,,,
7601148,7,6,6,7,9,8,4,5,,,,,,,,,
7601149,1,1,3,1,1,5,1,4,,,,,,,,,
7601150,9,7,9,10,10,10,9,2,,,,,,,,,
7601151,7,8,8,7,8,6,4,3,,,,,,,,,
7601152,4,4,4,5,8,5,2,5,,,,,,,,,
7601153,3,5,1,5,5,6,3,5,,,,,,,,,
7601154,1,2,1,8,4,1,2,5,,,,,,,,,
7601155,7,5,7,5,8,8,5,3,,,,,,,,,
7601156,2,2,2,5,7,5,1,1,,,,,,,,,
7601157,1,2,2,3,2,1,2,4,,,,,,,,,
7601158,1,2,1,6,4,2,1,4,,,,,,,,,
7601160,10,9,9,5,10,10,9,3,,,,,,,,,
7601161,5,6,5,2,4,4,4,8,,,,,,,,,
7601162,4,2,3,10,7,5,4,1,,,,,,,,,
7601163,8,8,8,10,10,8,8,5,,,,,,,,,
7601164,8,9,8,7,8,7,8,9,,,,,,,,,
7601165,4,4,4,6,9,3,2,1,,,,,,,,,
7601166,1,1,2,2,3,7,1,4,,,,,,,,,
7601167,10,9,10,9,10,10,10,4,,,,,,,,,
7601168,7,6,7,3,7,9,7,6,,,,,,,,,
7601169,8,7,8,5,9,9,8,3,,,,,,,,,
7601170,1,2,3,2,5,2,2,1,,,,,,,,,
7601171,10,9,10,8,10,10,10,3,,,,,,,,,
7601172,10,10,10,5,10,10,10,2,,,,,,,,,
7601173,4,4,6,2,4,4,3,9,,,,,,,,,
7601174,1,2,1,3,4,1,1,5,,,,,,,,,
7601175,9,10,9,10,9,9,6,3,,,,,,,,,
7601176,1,1,1,7,2,2,4,5,,,,,,,,,
7601177,8,6,8,8,9,10,7,4,,,,,,,,,
7601178,5,5,5,8,9,4,2,2,,,,,,,,,
7601179,1,1,2,1,3,1,2,4,,,,,,,,,
7601180,1,1,1,3,3,1,3,5,,,,,,,,,
7601181,10,9,10,7,10,10,9,4,,,,,,,,,
7601182,9,9,9,6,10,9,8,4,,,,,,,,,
7601183,4,2,3,10,7,7,2,1,,,,,,,,,
7601184,2,5,2,3,2,1,1,6,,,,,,,,,
7601185,10,9,10,10,10,10,10,1,,,,,,,,,
7601186,9,8,8,9,10,10,9,5,,,,,,,,,
7601187,3,6,2,6,6,2,3,1,,,,,,,,,
7601188,10,9,10,5,10,10,9,2,,,,,,,,,
7601189,1,2,1,3,2,5,1,6,,,,,,,,,
7601190,1,2,1,8,5,3,1,5,,,,,,,,,
7601191,1,3,1,5,5,2,1,5,,,,,,,,,
7601192,10,9,9,6,10,10,9,3,,,,,,,,,
7601193,4,3,6,1,5,3,4,9,,,,,,,,,
7601194,1,2,2,1,3,1,1,5,,,,,,,,,
7601195,10,8,9,4,10,10,10,3,,,,,,,,,
7601196,9,9,9,4,9,9,9,4,,,,,,,,,
7601197,1,3,1,5,2,1,1,5,,,,,,,,,
7601198,2,5,2,2,2,2,2,5,,,,,,,,,
7601199,3,3,2,10,7,1,1,4,,,,,,,,,
7601200,9,7,8,7,10,10,9,2,,,,,,,,,
7601201,10,8,10,4,10,10,10,3,,,,,,,,,
7601202,2,2,5,7,2,2,2,8,,,,,,,,,
7601203,8,4,6,3,10,10,9,4,,,,,,,,,
7601204,8,4,7,4,10,9,9,3,,,,,,,,,
7601205,5,5,5,9,6,5,2,2,,,,,,,,,
7601206,1,2,2,4,3,3,1,3,,,,,,,,,
7601209,10,9,10,6,10,9,10,2,,,,,,,,,
7601210,8,8,8,8,9,9,8,5,,,,,,,,,
7601211,1,1,1,5,2,2,1,7,,,,,,,,,
7601212,10,9,9,5,10,10,10,1,,,,,,,,,
7601213,10,9,10,4,10,10,10,3,,,,,,,,,
7601214,1,1,1,6,1,1,1,6,,,,,,,,,
7601215,10,10,9,5,10,10,8,3,,,,,,,,,
7601216,2,2,1,4,1,8,2,6,,,,,,,,,
7601217,7,6,7,10,9,8,5,6,,,,,,,,,
7601218,10,7,10,6,10,10,9,4,,,,,,,,,
7601219,2,3,2,8,5,2,1,5,,,,,,,,,
7601220,3,4,3,5,5,5,3,2,,,,,,,,,
7601221,4,6,2,9,8,5,2,2,,,,,,,,,
7601222,4,5,3,3,7,9,1,4,,,,,,,,,
7601223,3,3,3,10,8,2,2,4,,,,,,,,,
7601224,1,1,1,8,4,4,2,7,,,,,,,,,
7601225,4,4,4,3,3,4,5,9,,,,,,,,,
7601226,10,8,10,6,10,10,10,5,,,,,,,,,
7601227,9,9,8,3,10,10,9,2,,,,,,,,,
7601228,9,8,9,4,10,9,9,1,,,,,,,,,
7601229,5,1,2,1,5,10,1,4,,,,,,,,,
7601230,9,9,9,6,10,10,9,4,,,,,,,,,
7601231,10,10,10,6,9,9,9,5,,,,,,,,,
7601232,3,3,4,7,7,5,2,4,,,,,,,,,
7601233,3,5,2,5,6,7,2,5,,,,,,,,,
7601234,9,5,9,2,10,10,8,2,,,,,,,,,
7601235,1,1,1,3,2,3,1,4,,,,,,,,,
7601236,6,5,7,5,6,3,7,10,,,,,,,,,
7601237,1,2,1,5,3,3,2,7,,,,,,,,,
7601238,10,8,10,6,10,10,10,2,,,,,,,,,
7601239,1,1,1,6,5,3,1,5,,,,,,,,,
7601240,3,2,3,6,6,6,2,3,,,,,,,,,
7601241,3,3,4,7,8,3,1,3,,,,,,,,,
7601242,9,4,9,4,10,10,9,3,,,,,,,,,
7601243,10,9,8,2,10,10,10,4,,,,,,,,,
7601244,9,7,9,5,10,10,10,2,,,,,,,,,
7601245,9,7,8,6,10,10,8,2,,,,,,,,,
7601246,2,3,3,6,6,5,2,4,,,,,,,,,
7601247,10,9,10,9,10,10,9,2,,,,,,,,,
7601248,2,3,2,6,5,2,2,5,,,,,,,,,
7601249,9,7,9,4,10,10,10,4,,,,,,,,,
7601250,5,7,4,3,6,4,3,6,,,,,,,,,
7601251,3,4,2,3,3,8,1,4,,,,,,,,,
7601252,1,1,1,1,1,1,1,5,,,,,,,,,
7601253,4,5,3,7,7,4,3,4,,,,,,,,,
7601254,10,9,10,4,10,10,9,4,,,,,,,,,
7601255,10,10,10,7,10,10,9,2,,,,,,,,,
7601256,9,8,9,6,10,10,10,2,,,,,,,,,
7601257,5,5,6,4,9,3,2,4,,,,,,,,,
7601259,10,10,10,7,10,10,10,2,,,,,,,,,
7601260,6,5,3,9,7,8,4,8,,,,,,,,,
7601261,2,2,2,5,2,6,1,6,,,,,,,,,
7601262,7,6,5,10,9,9,6,6,,,,,,,,,
7601263,8,9,7,6,8,9,6,7,,,,,,,,,
7601264,2,1,2,2,6,4,1,7,,,,,,,,,
7601265,8,7,8,5,9,8,7,6,,,,,,,,,
7601266,10,10,9,9,10,9,7,5,,,,,,,,,
7601267,8,7,7,8,10,8,6,5,,,,,,,,,
7601268,2,2,3,4,8,2,2,3,,,,,,,,,
7601269,8,6,7,6,10,10,9,5,,,,,,,,,
7601270,5,3,5,9,9,7,3,5,,,,,,,,,
7601271,2,2,2,7,5,6,2,5,,,,,,,,,
7601272,10,8,10,5,10,10,9,1,,,,,,,,,
7601273,10,9,10,10,10,10,10,5,,,,,,,,,
7601274,3,3,4,3,6,5,1,6,,,,,,,,,
7601275,9,7,8,2,10,10,8,2,,,,,,,,,
7601276,9,5,9,9,10,10,7,1,,,,,,,,,
7601277,3,1,3,10,6,5,1,7,,,,,,,,,
7601278,7,6,8,3,10,6,7,4,,,,,,,,,
7601279,9,8,9,5,10,10,7,4,,,,,,,,,
7601280,6,6,5,7,10,8,3,4,,,,,,,,,
7601281,6,3,6,7,9,7,5,4,,,,,,,,,
7601282,7,5,6,7,9,8,6,4,,,,,,,,,
7601283,4,6,4,3,4,3,5,9,,,,,,,,,
7601284,1,2,1,5,3,2,1,5,,,,,,,,,
7601285,8,7,8,3,9,9,6,2,,,,,,,,,
7601286,5,1,6,7,9,7,4,5,,,,,,,,,
7601287,5,1,5,9,9,7,4,4,,,,,,,,,
7601288,1,1,1,6,3,1,1,5,,,,,,,,,
7601289,3,4,1,10,6,1,2,6,,,,,,,,,
7601290,3,1,1,3,1,10,6,6,,,,,,,,,
7601291,8,7,8,4,9,8,9,3,,,,,,,,,
7601292,2,1,2,6,4,5,1,5,,,,,,,,,
7601293,8,7,8,6,9,8,7,2,,,,,,,,,
7601294,5,3,6,5,9,5,3,4,,,,,,,,,
7601295,9,6,9,8,10,10,7,1,,,,,,,,,
7601296,10,9,9,9,10,10,8,3,,,,,,,,,
7601297,6,4,6,6,9,7,4,4,,,,,,,,,
7601298,3,3,3,8,7,5,2,5,,,,,,,,,
7601299,9,8,8,5,10,10,8,5,,,,,,,,,
7601300,3,4,3,4,3,4,6,9,,,,,,,,,
7601301,4,7,4,2,9,1,1,6,,,,,,,,,
7601302,9,7,8,5,10,10,9,4,,,,,,,,,
7601303,7,7,7,9,9,7,4,3,,,,,,,,,
7601304,2,2,2,6,4,5,1,5,,,,,,,,,
7601305,1,2,1,3,4,2,1,5,,,,,,,,,
7601306,10,10,9,9,10,10,9,2,,,,,,,,,
7601307,2,5,2,3,2,2,1,4,,,,,,,,,
7601308,5,4,5,6,9,7,6,3,,,,,,,,,
7601309,8,5,8,6,9,10,6,1,,,,,,,,,
7601310,9,8,8,8,10,8,9,2,,,,,,,,,
7601311,9,7,9,5,10,9,9,5,,,,,,,,,
7601312,9,9,9,8,10,10,8,3,,,,,,,,,
7601313,6,4,6,7,10,5,4,3,,,,,,,,,
7601314,7,6,6,6,10,6,6,2,,,,,,,,,
7601315,9,8,9,7,10,9,8,3,,,,,,,,,
7601316,1,2,1,8,3,3,1,6,,,,,,,,,
7601318,8,8,7,9,10,8,6,3,,,,,,,,,
7601319,2,2,1,9,3,4,1,6,,,,,,,,,
7601320,10,9,9,10,10,10,8,1,,,,,,,,,
7601321,2,4,2,6,5,2,2,6,,,,,,,,,
7601322,1,1,1,1,1,3,1,6,,,,,,,,,
7601323,8,4,5,10,9,10,6,2,,,,,,,,,
7601324,8,7,8,4,10,10,7,3,,,,,,,,,
7601325,10,10,10,9,10,10,9,3,,,,,,,,,
7601326,8,6,9,8,9,8,7,6,,,,,,,,,
7601327,1,1,3,7,2,1,1,7,,,,,,,,,
7601328,8,5,8,6,10,9,6,2,,,,,,,,,
7601329,8,8,7,7,10,9,6,2,,,,,,,,,
7601330,1,2,1,3,3,3,1,5,,,,,,,,,
7601331,8,8,8,6,10,8,6,3,,,,,,,,,
7601332,2,3,1,3,5,6,1,6,,,,,,,,,
7601333,8,7,7,7,10,8,9,4,,,,,,,,,
7601334,1,1,1,1,2,1,2,6,,,,,,,,,
7601335,10,10,10,10,10,10,10,1,,,,,,,,,
7601336,9,10,8,10,10,9,6,2,,,,,,,,,
7601337,8,6,8,10,9,9,7,5,,,,,,,,,
7601338,1,1,2,5,6,4,1,6,,,,,,,,,
7601339,8,7,8,9,10,8,8,2,,,,,,,,,
7601340,10,10,10,10,10,9,8,1,,,,,,,,,
7601341,8,4,8,9,10,9,7,3,,,,,,,,,
7601342,1,1,1,3,2,1,1,4,,,,,,,,,
7601343,10,9,10,10,10,6,9,6,,,,,,,,,
7601344,7,3,7,8,10,7,8,4,,,,,,,,,
7601345,3,3,4,3,8,4,1,5,,,,,,,,,
7601346,1,3,1,4,1,2,1,4,,,,,,,,,
7601347,1,4,1,5,2,2,1,4,,,,,,,,,
7601348,5,3,4,9,9,5,5,2,,,,,,,,,
7601349,1,3,1,8,4,3,1,4,,,,,,,,,
7601350,10,9,10,9,10,8,9,1,,,,,,,,,
7601351,10,8,10,6,10,10,9,2,,,,,,,,,
7601352,8,8,7,9,9,8,6,4,,,,,,,,,
7601353,8,6,8,5,10,9,6,3,,,,,,,,,
7601354,7,6,6,10,9,9,5,3,,,,,,,,,
7601355,9,8,9,10,9,10,8,4,,,,,,,,,
7601356,3,2,3,8,8,5,4,3,,,,,,,,,
7601357,7,4,7,9,9,7,7,1,,,,,,,,,
7601359,6,3,7,7,10,6,2,5,,,,,,,,,
7601360,7,6,6,6,10,10,5,4,,,,,,,,,
7601361,8,6,9,9,10,6,7,1,,,,,,,,,
7601362,9,9,10,9,9,9,9,1,,,,,,,,,
7601363,10,9,10,10,10,9,8,1,,,,,,,,,
7601364,5,4,6,6,8,4,3,3,,,,,,,,,
7601365,4,1,4,9,9,5,3,2,,,,,,,,,
7601366,1,3,1,4,1,1,1,5,,,,,,,,,
7601367,6,3,6,9,10,8,4,2,,,,,,,,,
7601368,8,7,7,6,9,9,6,4,,,,,,,,,
7601369,1,1,1,6,3,2,1,4,,,,,,,,,
7601370,10,9,9,9,10,9,10,3,,,,,,,,,
7601371,6,3,6,8,5,10,5,6,,,,,,,,,
7601372,8,5,8,9,10,8,7,1,,,,,,,,,
7601373,9,10,8,10,10,7,5,2,,,,,,,,,
7601375,4,1,3,8,8,7,5,3,,,,,,,,,
7601376,9,9,9,5,10,10,9,3,,,,,,,,,
7601377,7,3,6,10,9,9,6,4,,,,,,,,,
7601378,9,8,9,8,10,8,9,1,,,,,,,,,
7601379,1,3,1,4,1,5,1,4,,,,,,,,,
7601380,10,9,10,7,10,10,10,3,,,,,,,,,
7601381,8,8,7,6,10,8,9,6,,,,,,,,,
7601382,7,5,6,10,9,8,4,1,,,,,,,,,
7601383,7,6,7,8,9,9,6,3,,,,,,,,,
7601384,9,10,9,7,10,9,8,2,,,,,,,,,
7601385,10,7,10,8,10,10,9,5,,,,,,,,,
7601386,1,3,1,1,3,2,1,6,,,,,,,,,
7601387,6,5,7,8,9,6,5,1,,,,,,,,,
7601388,1,1,1,4,2,4,1,5,,,,,,,,,
7601389,7,6,7,10,9,8,6,1,,,,,,,,,
7601391,9,8,9,9,10,9,6,2,,,,,,,,,
7601392,8,7,8,4,9,8,9,6,,,,,,,,,
7601393,8,8,8,10,10,8,6,1,,,,,,,,,
7601394,10,10,10,7,10,10,9,4,,,,,,,,,
7601395,10,9,10,6,10,9,8,3,,,,,,,,,
7601396,9,9,8,7,10,9,9,4,,,,,,,,,
7601397,6,5,6,9,9,6,6,1,,,,,,,,,
7601398,10,10,10,4,10,10,10,7,,,,,,,,,
7601399,10,8,10,7,10,10,10,2,,,,,,,,,
7601401,9,7,10,7,10,8,8,5,,,,,,,,,
7601402,8,9,8,10,9,7,6,2,,,,,,,,,
7601403,10,10,10,7,10,10,10,7,,,,,,,,,
7601404,1,1,1,5,2,2,1,4,,,,,,,,,
7601405,6,5,6,10,9,6,4,2,,,,,,,,,
7601406,1,1,1,6,5,4,1,3,,,,,,,,,
7601407,7,5,7,8,9,8,7,3,,,,,,,,,
7601408,10,10,10,10,10,9,9,1,,,,,,,,,
7601409,9,9,9,8,10,10,9,5,,,,,,,,,
7601410,10,9,10,9,10,10,10,4,,,,,,,,,
7601411,9,9,10,7,9,8,10,6,,,,,,,,,
7601412,9,8,9,6,10,9,9,7,,,,,,,,,
7601413,8,5,5,5,8,10,7,3,,,,,,,,,
7601414,6,6,6,9,8,5,5,1,,,,,,,,,
7601415,6,5,6,6,7,8,6,3,,,,,,,,,
7601416,10,10,10,8,10,10,10,3,,,,,,,,,
7601417,9,9,9,9,10,9,8,1,,,,,,,,,
7601418,1,3,1,2,2,1,1,5,,,,,,,,,
7601419,4,7,3,8,4,2,3,8,,,,,,,,,
7601420,7,6,7,9,9,7,5,1,,,,,,,,,
7601421,10,10,10,8,10,9,10,1,,,,,,,,,
7601422,7,6,7,7,9,7,4,2,,,,,,,,,
7601423,8,7,9,7,9,9,8,5,,,,,,,,,
7601424,1,1,1,6,3,2,1,4,,,,,,,,,
7601425,10,10,10,8,10,10,10,1,,,,,,,,,
7601426,9,8,9,10,9,10,4,4,,,,,,,,,
7601427,10,10,9,7,10,10,9,7,,,,,,,,,
7601428,10,10,10,9,10,10,10,1,,,,,,,,,
7601429,10,10,10,8,10,10,10,1,,,,,,,,,
7601430,2,4,1,5,4,4,2,1,,,,,,,,,
7601431,10,7,10,7,10,10,10,3,,,,,,,,,
7601432,10,10,10,7,10,10,10,1,,,,,,,,,
7601433,7,7,8,6,9,6,3,1,,,,,,,,,
7601434,10,10,10,9,10,10,10,1,,,,,,,,,
7601435,10,10,10,9,10,10,10,1,,,,,,,,,
7601436,10,10,9,9,10,10,9,2,,,,,,,,,
7601437,3,1,1,3,2,10,1,5,,,,,,,,,
7601438,9,7,8,10,9,10,5,1,,,,,,,,,
7601439,7,8,7,8,8,7,4,1,,,,,,,,,
7601440,10,9,10,6,10,10,9,2,,,,,,,,,
7601441,10,10,10,9,10,10,10,1,,,,,,,,,
7601442,9,9,9,6,10,10,9,1,,,,,,,,,
7601443,10,9,10,7,10,10,9,2,,,,,,,,,
7601444,5,3,5,9,9,5,4,5,,,,,,,,,
7601445,9,9,9,8,9,9,10,5,,,,,,,,,
7601446,10,8,9,8,10,10,10,1,,,,,,,,,
7601447,5,3,5,4,8,4,7,8,,,,,,,,,
7601448,1,3,1,2,1,5,1,4,,,,,,,,,
7601449,10,7,10,10,10,9,10,1,,,,,,,,,
7601450,8,6,8,10,10,9,6,1,,,,,,,,,
7601451,8,7,8,10,8,9,7,2,,,,,,,,,
7601452,10,10,10,7,10,10,9,1,,,,,,,,,
7601453,10,9,10,8,10,10,10,1,,,,,,,,,
7601454,9,7,9,3,10,10,9,2,,,,,,,,,
7601455,8,8,6,10,9,8,4,1,,,,,,,,,
7601456,10,10,10,10,10,9,9,1,,,,,,,,,
7601457,7,5,7,9,9,8,7,1,,,,,,,,,
7601458,5,2,5,7,8,8,3,2,,,,,,,,,
7601459,2,4,1,8,3,2,1,6,,,,,,,,,
7601460,10,9,10,6,10,10,10,2,,,,,,,,,
7601461,7,3,8,10,10,8,4,3,,,,,,,,,
7601462,7,4,7,7,9,8,7,1,,,,,,,,,
7601463,10,10,10,5,10,10,10,1,,,,,,,,,
7601464,9,8,9,6,10,9,9,5,,,,,,,,,
7601465,6,6,6,2,9,6,7,3,,,,,,,,,
7601466,10,10,10,6,10,10,10,1,,,,,,,,,
7601467,5,5,5,7,8,4,6,4,,,,,,,,,
7601469,8,6,7,10,8,8,8,1,,,,,,,,,
7601470,1,1,1,1,2,5,1,3,,,,,,,,,
7601471,8,8,8,9,10,8,7,1,,,,,,,,,
7601472,1,2,1,2,1,2,2,5,,,,,,,,,
7601473,4,6,4,3,3,6,3,4,,,,,,,,,
7601474,9,10,9,9,10,8,7,3,,,,,,,,,
7601475,10,10,10,6,10,10,10,2,,,,,,,,,
7601476,10,10,10,5,10,10,10,2,,,,,,,,,
7601477,1,2,1,5,3,2,1,5,,,,,,,,,
7601478,10,10,10,8,10,10,10,1,,,,,,,,,
7601479,8,6,8,9,10,8,7,1,,,,,,,,,
7601480,9,8,9,4,10,9,10,2,,,,,,,,,
7601481,1,2,3,5,1,3,2,2,,,,,,,,,
7601482,1,1,1,10,2,2,1,7,,,,,,,,,
7601483,10,10,10,8,10,10,10,1,,,,,,,,,
7601484,7,7,8,9,9,7,3,1,,,,,,,,,
7601485,10,10,10,7,10,10,10,6,,,,,,,,,
7601486,9,9,9,9,10,9,9,3,,,,,,,,,
7601487,10,10,10,7,10,10,10,2,,,,,,,,,
7601489,10,9,10,7,10,10,10,2,,,,,,,,,
7601490,7,6,6,7,10,4,7,2,,,,,,,,,
7601491,7,7,6,7,9,7,7,2,,,,,,,,,
7601492,7,5,8,7,9,8,7,2,,,,,,,,,
7601493,10,10,9,7,10,10,9,2,,,,,,,,,
7601494,1,2,1,2,1,1,1,6,,,,,,,,,
7601495,10,9,9,7,10,9,10,5,,,,,,,,,
7601496,10,9,10,7,10,9,10,3,,,,,,,,,
7601498,10,9,9,8,10,10,9,2,,,,,,,,,
7601499,10,8,10,10,10,10,10,1,,,,,,,,,
7601500,7,4,8,7,10,5,7,2,,,,,,,,,
7601501,10,9,10,8,10,10,10,2,,,,,,,,,
7601502,4,4,5,4,5,4,4,9,,,,,,,,,
7601503,10,10,10,6,10,7,10,2,,,,,,,,,
7601504,10,9,10,6,10,10,10,4,,,,,,,,,
7601505,8,7,8,9,9,9,6,1,,,,,,,,,
7601506,6,8,6,4,8,5,3,5,,,,,,,,,
7601507,10,9,10,8,10,10,10,2,,,,,,,,,
7601508,9,9,8,10,10,10,7,1,,,,,,,,,
7601509,1,1,1,5,2,4,1,6,,,,,,,,,
7601510,8,7,8,6,10,7,8,3,,,,,,,,,
7601511,10,8,10,10,10,10,10,1,,,,,,,,,
7601512,6,5,6,5,8,7,5,5,,,,,,,,,
7601513,10,9,10,10,10,10,10,3,,,,,,,,,
7601514,1,1,2,4,2,3,1,8,,,,,,,,,
7601515,10,9,10,6,10,9,10,3,,,,,,,,,
7601516,10,9,10,6,10,10,10,2,,,,,,,,,
7601517,2,2,2,2,3,5,5,8,,,,,,,,,
7601518,7,7,7,10,8,6,7,1,,,,,,,,,
7601519,10,10,10,6,10,10,10,3,,,,,,,,,
7601520,8,9,6,10,9,5,5,1,,,,,,,,,
7601521,3,4,4,1,1,1,4,8,,,,,,,,,
7601522,10,9,9,9,10,10,9,3,,,,,,,,,
7601523,4,5,4,8,4,6,4,1,,,,,,,,,
7601524,10,8,10,7,10,9,10,3,,,,,,,,,
7601525,9,6,10,9,10,9,10,3,,,,,,,,,
7601526,10,9,10,8,10,9,10,2,,,,,,,,,
7601527,10,10,10,7,10,10,10,1,,,,,,,,,
7601528,10,8,10,4,10,10,9,2,,,,,,,,,
7601529,9,8,8,8,10,9,9,1,,,,,,,,,
7601530,8,7,8,7,10,10,8,2,,,,,,,,,
7601531,5,4,7,5,10,3,3,3,,,,,,,,,
7601532,4,5,5,4,6,6,3,5,,,,,,,,,
7601533,9,8,10,6,9,9,9,3,,,,,,,,,
7601534,9,9,9,9,10,10,9,4,,,,,,,,,
7601535,7,3,6,5,8,10,8,4,,,,,,,,,
7601536,10,9,10,7,10,10,10,1,,,,,,,,,
7601537,5,4,5,9,5,6,6,6,,,,,,,,,
7601538,2,1,1,2,2,9,3,5,,,,,,,,,
7601539,1,2,1,2,3,2,4,6,,,,,,,,,
7601540,5,5,6,4,8,7,3,1,,,,,,,,,
7601541,10,10,10,7,10,10,10,3,,,,,,,,,
7601542,1,2,1,2,1,2,1,8,,,,,,,,,
7601543,5,3,6,4,4,6,4,8,,,,,,,,,
7601544,10,10,10,8,10,8,10,3,,,,,,,,,
7601545,10,8,10,8,10,9,9,2,,,,,,,,,
7601546,4,3,4,7,6,2,6,9,,,,,,,,,
7601547,8,7,9,8,10,7,8,4,,,,,,,,,
7601548,2,1,2,1,2,6,5,8,,,,,,,,,
7601549,9,9,10,6,10,9,9,3,,,,,,,,,
7601550,10,9,9,5,10,10,9,2,,,,,,,,,
7601551,1,4,2,7,2,1,1,6,,,,,,,,,
7601552,5,5,6,5,8,3,4,1,,,,,,,,,
7601553,10,9,10,5,10,10,10,3,,,,,,,,,
7601554,2,4,1,2,3,4,4,8,,,,,,,,,
7601555,9,7,10,7,7,9,8,3,,,,,,,,,
7601556,5,5,5,4,8,5,5,3,,,,,,,,,
7601557,10,9,10,7,10,9,10,5,,,,,,,,,
7601558,10,10,10,8,10,10,10,2,,,,,,,,,
7601559,10,10,10,6,10,10,10,3,,,,,,,,,
7601560,10,8,10,5,10,10,10,5,,,,,,,,,
7601561,10,10,10,8,10,10,10,1,,,,,,,,,
7601562,9,7,9,9,10,9,10,3,,,,,,,,,
7601564,2,4,2,3,5,1,2,6,,,,,,,,,
7601565,10,10,10,6,10,10,10,1,,,,,,,,,
7601566,1,2,2,2,3,2,2,6,,,,,,,,,
7601567,3,2,2,6,3,9,4,5,,,,,,,,,
7601568,10,10,10,10,10,10,9,1,,,,,,,,,
7601569,10,10,10,10,10,10,10,5,,,,,,,,,
7601570,10,9,10,5,10,10,10,2,,,,,,,,,
7601571,10,9,10,6,10,10,9,5,,,,,,,,,
7601572,10,8,10,7,10,10,9,2,,,,,,,,,
7601573,10,10,10,9,10,9,10,3,,,,,,,,,
7601574,9,9,9,3,10,8,10,3,,,,,,,,,
7601575,8,6,9,7,9,8,8,2,,,,,,,,,
7601576,5,5,5,3,8,6,4,1,,,,,,,,,
7601577,9,7,9,4,10,9,9,3,,,,,,,,,
7601578,6,6,6,5,9,7,5,3,,,,,,,,,
7601579,4,3,5,4,8,4,6,2,,,,,,,,,
7601580,1,2,2,3,2,2,1,5,,,,,,,,,
7601581,9,6,9,7,10,10,9,1,,,,,,,,,
7601583,10,9,10,7,10,9,9,2,,,,,,,,,
7601584,8,7,7,6,10,8,8,2,,,,,,,,,
7601585,10,9,10,6,10,10,10,1,,,,,,,,,
7601586,7,5,6,4,4,10,7,8,,,,,,,,,
7601587,10,10,10,7,10,8,10,4,,,,,,,,,
7601588,4,4,4,2,3,5,7,6,,,,,,,,,
7601589,7,4,4,2,7,10,6,3,,,,,,,,,
7601590,7,5,8,4,10,7,7,3,,,,,,,,,
7601591,6,7,6,3,5,8,7,7,,,,,,,,,
7601592,10,9,10,6,10,10,10,3,,,,,,,,,
7601593,10,8,10,7,10,9,9,1,,,,,,,,,
7601594,7,6,7,6,9,5,5,5,,,,,,,,,
7601595,9,8,9,9,10,10,8,1,,,,,,,,,
7601596,9,6,9,5,10,10,8,2,,,,,,,,,
7601597,10,10,10,6,10,9,10,3,,,,,,,,,
7601598,10,9,10,8,10,9,10,1,,,,,,,,,
7601599,10,9,9,5,10,9,10,2,,,,,,,,,
7601600,10,9,10,8,10,10,10,5,,,,,,,,,
7601601,9,6,10,10,10,9,9,1,,,,,,,,,
7601602,5,6,6,5,8,2,4,5,,,,,,,,,
7601603,4,5,3,5,4,4,7,7,,,,,,,,,
7601604,10,9,10,10,10,10,8,1,,,,,,,,,
7601605,1,2,1,3,3,1,1,6,,,,,,,,,
7601606,10,9,9,5,10,10,9,1,,,,,,,,,
7601607,3,5,4,3,6,2,2,5,,,,,,,,,
7601608,9,9,10,7,10,9,9,2,,,,,,,,,
7601609,10,8,10,8,10,10,10,1,,,,,,,,,
7601610,10,10,10,8,10,10,10,4,,,,,,,,,
7601611,6,4,6,5,9,7,7,3,,,,,,,,,
7601612,8,8,9,9,8,6,8,1,,,,,,,,,
7601613,6,7,7,6,7,5,7,4,,,,,,,,,
7601614,9,7,8,6,10,9,9,4,,,,,,,,,
7601615,6,5,6,5,9,7,4,3,,,,,,,,,
7601616,5,3,6,4,9,4,6,5,,,,,,,,,
7601617,5,3,6,3,9,5,4,4,,,,,,,,,
7601618,9,9,10,8,10,8,9,3,,,,,,,,,
7601619,6,2,8,8,5,7,7,2,,,,,,,,,
7601620,9,8,9,7,10,9,8,3,,,,,,,,,
7601621,6,6,6,8,7,7,5,6,,,,,,,,,
7601622,7,7,7,7,9,7,6,2,,,,,,,,,
7601623,3,1,5,2,8,2,1,3,,,,,,,,,
7601624,10,8,9,10,10,10,10,1,,,,,,,,,
7601625,10,9,10,9,9,7,10,2,,,,,,,,,
7601626,1,1,2,1,3,1,4,7,,,,,,,,,
7601627,5,3,6,9,5,5,4,8,,,,,,,,,
7601628,10,9,10,6,10,9,10,2,,,,,,,,,
7601629,5,3,5,2,9,7,3,5,,,,,,,,,
7601630,3,4,3,4,2,4,4,6,,,,,,,,,
7601631,10,10,10,7,10,10,10,2,,,,,,,,,
7601632,4,2,3,10,6,4,5,7,,,,,,,,,
7601633,9,8,9,3,10,8,9,1,,,,,,,,,
7601634,9,7,9,5,9,8,8,1,,,,,,,,,
7601635,9,9,10,8,10,9,9,2,,,,,,,,,
7601636,9,9,9,9,10,8,8,4,,,,,,,,,
7601637,5,5,5,6,7,6,3,4,,,,,,,,,
7601638,5,4,5,7,7,4,5,2,,,,,,,,,
7601639,3,1,3,10,7,4,3,5,,,,,,,,,
7601640,5,3,6,3,8,5,6,4,,,,,,,,,
7601641,4,3,5,4,3,4,7,4,,,,,,,,,
7601642,4,3,5,3,9,4,4,5,,,,,,,,,
7601643,3,1,2,8,7,6,5,2,,,,,,,,,
7601644,9,8,10,6,9,8,10,4,,,,,,,,,
7601645,5,3,6,5,6,7,6,6,,,,,,,,,
7601646,5,3,6,3,6,6,6,5,,,,,,,,,
7601647,7,8,7,5,7,6,7,4,,,,,,,,,
7601649,10,10,10,10,10,10,9,1,,,,,,,,,
7601650,8,6,8,10,9,8,7,1,,,,,,,,,
7601651,3,2,6,2,7,2,4,2,,,,,,,,,
7601652,2,2,4,2,7,1,2,1,,,,,,,,,
7601653,2,2,2,9,2,2,4,6,,,,,,,,,
7601654,9,9,8,3,10,8,9,3,,,,,,,,,
7601655,5,4,6,6,6,5,6,7,,,,,,,,,
7601656,10,10,10,10,10,9,10,1,,,,,,,,,
7601657,3,3,3,5,7,2,3,4,,,,,,,,,
7601658,6,6,5,9,8,5,3,4,,,,,,,,,
7601659,8,7,8,7,9,8,7,5,,,,,,,,,
7601660,9,8,9,5,10,9,8,4,,,,,,,,,
7601661,1,2,1,1,4,1,4,5,,,,,,,,,
7601663,6,5,4,10,8,5,6,5,,,,,,,,,
7601664,7,4,7,10,9,6,7,3,,,,,,,,,
7601665,5,6,6,6,5,7,4,3,,,,,,,,,
7601666,5,6,4,4,8,5,5,4,,,,,,,,,
7601667,10,10,10,10,10,10,10,1,,,,,,,,,
7601668,10,10,10,10,10,9,10,1,,,,,,,,,
7601669,5,3,6,6,7,7,5,6,,,,,,,,,
7601670,5,6,5,5,5,5,7,7,,,,,,,,,
7601671,4,4,5,3,5,4,6,6,,,,,,,,,
7601672,9,7,9,7,10,9,9,3,,,,,,,,,
7601673,3,1,4,2,4,5,4,6,,,,,,,,,
7601674,9,8,9,10,10,7,8,1,,,,,,,,,
7601675,5,3,7,7,9,5,4,4,,,,,,,,,
7601676,7,6,8,6,9,9,6,2,,,,,,,,,
7601677,6,3,8,10,6,5,5,4,,,,,,,,,
7601678,2,2,1,3,6,2,5,5,,,,,,,,,
7601679,1,1,1,6,5,3,2,8,,,,,,,,,
7601680,7,5,7,8,9,7,6,5,,,,,,,,,
7601681,5,2,6,7,8,8,3,4,,,,,,,,,
7601682,3,2,5,3,6,5,2,5,,,,,,,,,
7601683,7,1,9,5,8,7,6,5,,,,,,,,,
7601684,10,9,10,9,10,10,10,3,,,,,,,,,
7601685,10,8,10,7,10,10,9,4,,,,,,,,,
7601687,1,1,2,1,3,5,2,4,,,,,,,,,
7601688,2,1,3,4,5,3,4,8,,,,,,,,,
7601689,2,1,3,7,2,5,5,7,,,,,,,,,
7601690,5,4,6,3,8,5,5,4,,,,,,,,,
7601691,1,1,2,2,1,2,3,7,,,,,,,,,
7601692,3,4,3,4,3,2,4,5,,,,,,,,,
7601693,5,5,7,9,6,5,3,3,,,,,,,,,
7601694,1,1,2,6,4,2,3,7,,,,,,,,,
7601695,4,4,4,6,5,3,5,8,,,,,,,,,
7601696,4,4,5,5,3,5,5,6,,,,,,,,,
7601697,3,3,4,5,4,5,3,3,,,,,,,,,
7601698,5,5,6,4,8,3,6,4,,,,,,,,,
7601699,1,2,1,1,6,1,2,8,,,,,,,,,
7601700,4,3,5,5,8,5,5,4,,,,,,,,,
7601701,3,3,2,2,6,7,4,3,,,,,,,,,
7601702,1,1,3,2,4,1,4,4,,,,,,,,,
7601703,3,1,3,10,2,3,3,7,,,,,,,,,
7601704,3,2,3,2,5,9,2,2,,,,,,,,,
7601705,2,2,4,2,1,5,5,7,,,,,,,,,
7601706,4,4,5,5,7,1,4,2,,,,,,,,,
7601707,3,1,5,6,4,5,4,6,,,,,,,,,
7601708,1,1,3,1,5,1,4,4,,,,,,,,,
7601709,2,2,3,3,4,3,3,5,,,,,,,,,
7601710,5,3,6,10,9,5,2,1,,,,,,,,,
7601711,10,10,10,8,10,10,10,6,,,,,,,,,
7601712,3,2,4,6,8,3,3,3,,,,,,,,,
7601713,3,2,4,1,8,4,5,5,,,,,,,,,
7601714,3,3,2,4,6,6,4,8,,,,,,,,,
7601715,8,8,7,7,8,8,7,3,,,,,,,,,
7601716,4,2,4,4,9,5,3,3,,,,,,,,,
7601717,2,2,3,5,6,1,4,7,,,,,,,,,
7601718,6,5,7,4,7,6,7,6,,,,,,,,,
7601719,10,10,10,8,10,10,10,7,,,,,,,,,
7601720,3,5,3,2,2,5,3,6,,,,,,,,,
7601721,2,4,2,4,4,1,3,3,,,,,,,,,
7601722,10,9,10,8,10,10,9,6,,,,,,,,,
7601723,3,3,4,3,7,1,5,3,,,,,,,,,
7601724,6,2,5,10,7,7,6,8,,,,,,,,,
7601725,2,2,3,4,5,2,2,5,,,,,,,,,
7601726,2,1,3,6,8,2,3,5,,,,,,,,,
7601727,2,4,4,1,5,2,2,4,,,,,,,,,
7601728,10,10,10,9,10,9,10,7,,,,,,,,,
7601729,5,5,3,10,8,3,5,1,,,,,,,,,
7601730,2,3,3,3,5,1,1,5,,,,,,,,,
7601731,3,4,2,5,2,5,4,7,,,,,,,,,
7601733,3,1,5,3,8,4,5,5,,,,,,,,,
7601734,7,5,4,4,4,10,5,6,,,,,,,,,
7601735,6,5,8,9,8,5,3,2,,,,,,,,,
7601736,4,4,5,3,7,3,3,4,,,,,,,,,
7601737,3,4,2,3,5,5,3,5,,,,,,,,,
7601738,2,2,4,2,6,4,2,5,,,,,,,,,
7601739,3,2,4,3,9,3,5,2,,,,,,,,,
7601740,1,1,1,1,3,1,4,6,,,,,,,,,
7601741,2,2,4,4,7,2,3,3,,,,,,,,,
7601742,5,3,6,8,6,7,5,5,,,,,,,,,
7601743,6,7,6,6,5,4,6,9,,,,,,,,,
7601744,2,3,2,2,5,3,4,5,,,,,,,,,
7601745,3,5,5,1,7,2,3,4,,,,,,,,,
7601746,2,1,4,2,4,5,4,5,,,,,,,,,
7601748,10,6,10,10,10,10,10,1,,,,,,,,,
7601749,2,1,3,3,5,5,4,4,,,,,,,,,
7601750,9,10,8,5,9,9,8,6,,,,,,,,,
7601751,3,2,2,10,4,3,5,2,,,,,,,,,
7601753,3,4,5,3,7,2,4,6,,,,,,,,,
7601755,1,2,1,1,3,1,2,6,,,,,,,,,
7601756,1,2,3,4,4,1,2,1,,,,,,,,,
7601757,10,10,10,9,10,10,10,3,,,,,,,,,
7601758,4,3,3,7,3,6,6,8,,,,,,,,,
7601759,4,1,3,2,5,9,4,4,,,,,,,,,
7601761,2,2,4,2,1,2,5,8,,,,,,,,,
7601763,1,1,2,3,4,2,2,3,,,,,,,,,
7601764,9,7,9,9,10,10,10,6,,,,,,,,,
7601765,4,2,5,4,8,7,5,2,,,,,,,,,
7601766,1,2,1,2,3,2,3,2,,,,,,,,,
7601767,3,3,3,3,7,5,4,3,,,,,,,,,
7601768,6,7,6,7,6,5,5,6,,,,,,,,,
7601769,9,8,10,7,10,9,9,6,,,,,,,,,
7601770,1,1,1,2,4,3,3,3,,,,,,,,,
7601771,1,2,1,3,3,1,3,6,,,,,,,,,
7601772,1,2,2,4,4,2,2,5,,,,,,,,,
7601773,1,2,2,2,4,1,2,5,,,,,,,,,
7601774,1,1,3,2,3,2,4,6,,,,,,,,,
7601775,10,9,10,10,10,9,9,3,,,,,,,,,
7601776,5,4,6,3,3,8,6,6,,,,,,,,,
7601777,1,2,2,3,3,1,3,2,,,,,,,,,
7601778,1,2,2,5,4,2,3,5,,,,,,,,,
7601779,3,2,5,1,5,5,3,3,,,,,,,,,
7601780,2,3,2,4,4,3,3,5,,,,,,,,,
7601782,1,1,1,1,2,1,3,6,,,,,,,,,
7601783,3,3,4,2,7,5,3,3,,,,,,,,,
7601784,2,1,2,3,6,4,4,3,,,,,,,,,
7601785,7,6,4,2,8,10,5,2,,,,,,,,,
7601786,4,3,6,7,4,5,5,7,,,,,,,,,
7601787,4,5,5,5,4,3,3,6,,,,,,,,,
7601788,5,4,6,1,8,5,3,7,,,,,,,,,
7601789,1,1,1,3,2,1,1,5,,,,,,,,,
7601790,1,3,2,2,5,1,4,5,,,,,,,,,
7601791,2,3,3,2,5,2,4,1,,,,,,,,,
7601793,10,10,9,10,9,10,10,3,,,,,,,,,
7601794,1,1,3,2,5,1,3,3,,,,,,,,,
7601795,10,10,10,8,10,9,10,5,,,,,,,,,
7601796,2,3,2,4,4,2,4,4,,,,,,,,,
7601797,1,1,1,5,3,2,4,8,,,,,,,,,
7601798,5,5,5,2,2,4,6,5,,,,,,,,,
7601799,2,5,2,4,4,4,2,1,,,,,,,,,
7601800,2,3,3,3,7,2,2,4,,,,,,,,,
7601801,3,4,3,8,4,3,2,8,,,,,,,,,
7601802,4,4,6,4,5,2,7,3,,,,,,,,,
7601803,1,2,1,3,4,2,3,6,,,,,,,,,
7601804,1,2,1,3,4,1,2,3,,,,,,,,,
7601805,5,4,7,2,7,4,4,3,,,,,,,,,
7601806,1,1,2,2,1,1,3,6,,,,,,,,,
7601807,1,3,2,4,1,1,4,9,,,,,,,,,
7601809,2,3,3,1,3,2,4,7,,,,,,,,,
7601810,7,5,6,8,4,10,6,4,,,,,,,,,
7601811,3,2,3,3,5,7,3,1,,,,,,,,,
7601813,2,1,4,7,5,3,2,1,,,,,,,,,
7601814,9,8,10,9,9,10,9,2,,,,,,,,,
7601815,5,5,5,7,6,5,5,3,,,,,,,,,
7601816,2,1,2,8,6,3,3,5,,,,,,,,,
7601817,3,3,3,5,6,6,4,1,,,,,,,,,
7601818,10,10,9,9,10,9,10,7,,,,,,,,,
7601819,10,10,10,8,10,10,10,4,,,,,,,,,
7601820,1,1,2,1,4,3,3,2,,,,,,,,,
7601821,2,1,4,1,1,3,3,7,,,,,,,,,
7601822,1,2,2,3,3,2,4,4,,,,,,,,,
7601823,5,4,4,10,6,5,5,1,,,,,,,,,
7601824,2,3,2,7,4,2,2,4,,,,,,,,,
7601825,4,3,6,6,6,6,4,5,,,,,,,,,
7601826,9,8,9,9,8,10,8,2,,,,,,,,,
7601827,10,10,10,8,10,10,10,3,,,,,,,,,
7601828,3,5,3,1,2,3,4,7,,,,,,,,,
7601829,1,2,1,1,2,1,4,4,,,,,,,,,
7601830,1,1,1,2,1,1,3,5,,,,,,,,,
7601832,9,9,10,10,9,8,8,1,,,,,,,,,
7601833,8,7,8,7,9,8,9,3,,,,,,,,,
7601834,6,7,6,8,7,7,7,1,,,,,,,,,
7601835,7,6,8,7,6,8,8,6,,,,,,,,,
7601836,2,4,1,6,2,3,4,4,,,,,,,,,
7601837,2,3,1,4,1,7,1,1,,,,,,,,,
7601839,1,2,2,4,4,1,1,4,,,,,,,,,
7601840,1,1,1,1,3,5,3,3,,,,,,,,,
7601841,8,7,8,10,9,8,7,1,,,,,,,,,
7601842,1,3,1,2,3,2,1,4,,,,,,,,,
7601843,1,1,2,2,2,1,2,4,,,,,,,,,
7601844,10,10,10,8,9,9,9,1,,,,,,,,,
7601845,9,5,9,10,9,8,9,2,,,,,,,,,
7601846,5,5,5,4,5,7,7,6,,,,,,,,,
7601847,5,4,5,7,5,6,6,3,,,,,,,,,
7601849,2,2,2,2,4,3,5,4,,,,,,,,,
7601850,1,3,2,2,3,3,2,4,,,,,,,,,
7601851,9,8,9,10,9,8,9,1,,,,,,,,,
7601852,1,3,1,2,4,4,2,4,,,,,,,,,
7601853,8,8,8,9,7,7,8,2,,,,,,,,,
7601854,1,1,1,4,2,2,2,5,,,,,,,,,
7601856,10,9,10,9,10,10,10,1,,,,,,,,,
7601857,1,1,1,3,1,1,3,5,,,,,,,,,
7601858,4,5,4,5,7,3,5,9,,,,,,,,,
7601859,9,8,9,9,9,8,9,2,,,,,,,,,
7601860,9,7,9,10,9,9,9,1,,,,,,,,,
7601861,1,1,3,1,3,5,2,7,,,,,,,,,
7601862,1,1,1,2,2,3,3,9,,,,,,,,,
7601863,1,1,1,4,3,1,2,8,,,,,,,,,
7601864,1,2,2,2,1,1,3,6,,,,,,,,,
7601865,2,4,2,2,2,4,2,7,,,,,,,,,
7601866,9,6,10,9,9,8,9,2,,,,,,,,,
7601867,9,9,9,6,9,9,9,3,,,,,,,,,
7601868,4,4,3,4,2,4,6,9,,,,,,,,,
7601869,10,10,10,8,10,10,10,2,,,,,,,,,
7601870,10,9,10,7,9,10,9,3,,,,,,,,,
7601871,7,7,7,7,8,5,7,8,,,,,,,,,
7601872,10,9,10,9,10,10,10,5,,,,,,,,,
7601873,10,10,10,8,10,9,10,3,,,,,,,,,
7601874,10,10,10,9,10,9,10,4,,,,,,,,,
7601875,10,10,10,9,10,9,10,2,,,,,,,,,
7601876,10,10,10,10,10,10,10,4,,,,,,,,,
7601877,10,10,10,8,10,10,10,6,,,,,,,,,
7601878,10,10,10,9,10,9,10,5,,,,,,,,,
7601879,10,10,10,9,10,10,10,6,,,,,,,,,
7601880,5,7,4,4,7,5,4,8,,,,,,,,,
7601881,9,6,9,8,9,9,9,5,,,,,,,,,
7601882,10,10,10,8,10,10,10,5,,,,,,,,,
7601883,10,8,10,8,10,8,10,7,,,,,,,,,
7601884,6,4,6,7,8,5,7,8,,,,,,,,,
7601886,4,6,3,8,3,4,7,7,,,,,,,,,
7601887,5,5,5,9,4,6,4,8,,,,,,,,,
7601888,3,3,3,10,2,3,5,8,,,,,,,,,
7601889,1,2,1,1,1,2,3,9,,,,,,,,,
7601890,2,1,3,3,3,4,4,9,,,,,,,,,
7601891,2,3,2,4,2,4,2,9,,,,,,,,,
7601892,1,1,2,4,3,4,3,9,,,,,,,,,
7601893,3,1,4,2,6,6,4,9,,,,,,,,,
7601894,2,3,2,2,2,2,5,9,,,,,,,,,
7601895,2,1,3,1,3,3,4,9,,,,,,,,,
7601896,2,1,3,2,3,2,5,9,,,,,,,,,
7601897,3,4,4,3,2,4,3,8,,,,,,,,,
7601899,2,3,2,7,5,3,3,9,,,,,,,,,
7601900,6,7,6,8,5,4,6,8,,,,,,,,,
7601901,2,1,3,5,5,1,4,9,,,,,,,,,
7601902,2,1,3,3,2,3,5,9,,,,,,,,,
7601903,7,8,6,7,6,5,4,8,,,,,,,,,
7601904,2,1,2,8,2,3,3,9,,,,,,,,,
7601905,1,2,2,1,1,1,3,9,,,,,,,,,
7601906,6,7,6,4,8,5,7,8,,,,,,,,,
7601907,5,7,4,8,6,2,4,8,,,,,,,,,
7601908,4,3,5,8,7,3,5,8,,,,,,,,,
7601909,2,2,2,5,3,4,4,9,,,,,,,,,
7601910,3,3,5,4,4,2,4,9,,,,,,,,,
7601911,6,9,6,6,5,2,4,8,,,,,,,,,
7601912,1,1,2,2,3,3,4,9,,,,,,,,,
7601913,5,6,7,8,5,2,3,9,,,,,,,,,
7601914,8,9,8,8,7,5,6,8,,,,,,,,,
7601915,3,2,3,3,2,4,6,10,,,,,,,,,
7601916,6,7,7,4,7,2,5,9,,,,,,,,,
7601917,5,7,6,6,4,3,4,9,,,,,,,,,
7601918,6,6,6,7,8,4,6,9,,,,,,,,,
7601919,3,3,4,4,3,3,5,10,,,,,,,,,
7601920,3,3,4,3,3,5,6,10,,,,,,,,,
7601921,5,7,5,2,6,1,7,10,,,,,,,,,
7601922,6,3,6,8,5,6,8,10,,,,,,,,,
7601923,9,10,7,7,8,3,8,10,,,,,,,,,
7601924,4,3,3,3,9,9,2,2,,,,,,,,,
7601925,2,1,2,10,1,3,2,7,,,,,,,,,
7601926,2,1,2,10,1,1,3,7,,,,,,,,,
7601927,2,2,1,10,1,1,2,6,,,,,,,,,
7601928,2,1,3,10,2,3,2,5,,,,,,,,,
7601929,4,2,5,10,2,7,1,6,,,,,,,,,
7601930,1,1,2,8,1,2,3,5,,,,,,,,,
7601931,2,2,2,10,2,4,1,8,,,,,,,,,
7601932,2,2,1,10,1,1,2,7,,,,,,,,,
7601933,2,1,1,10,2,1,3,6,,,,,,,,,
7601934,3,1,1,10,1,8,1,8,,,,,,,,,
7601935,1,1,2,6,2,3,1,8,,,,,,,,,
7601936,2,2,3,8,5,3,3,8,,,,,,,,,
7601937,4,2,3,9,2,7,4,8,,,,,,,,,
7601938,3,2,3,10,2,3,4,8,,,,,,,,,
7601939,2,3,1,10,1,3,1,7,,,,,,,,,
7601940,2,2,5,1,4,1,2,5,,,,,,,,,
7601941,2,2,3,1,4,3,3,4,,,,,,,,,
7601942,3,5,3,1,5,3,5,5,,,,,,,,,
7601943,2,2,3,1,4,2,4,5,,,,,,,,,
7601944,3,4,4,1,3,3,5,5,,,,,,,,,
7601945,4,3,5,1,5,5,5,4,,,,,,,,,
7601946,4,4,3,10,3,3,3,6,,,,,,,,,
7601947,5,4,4,10,7,6,5,7,,,,,,,,,
7601948,4,1,3,1,2,10,1,6,,,,,,,,,
7601950,4,3,5,10,3,3,3,7,,,,,,,,,
7601951,4,3,6,1,7,1,3,5,,,,,,,,,
7601952,3,3,3,1,4,6,3,6,,,,,,,,,
7601953,1,2,3,1,3,3,4,6,,,,,,,,,
7601954,2,4,3,1,3,3,4,7,,,,,,,,,
7601955,3,5,2,2,1,7,2,7,,,,,,,,,
7601956,4,4,4,7,4,6,5,4,,,,,,,,,
7601957,2,2,2,8,1,3,2,8,,,,,,,,,
7601958,2,1,1,1,1,7,4,8,,,,,,,,,
7601959,9,8,9,10,8,9,8,5,,,,,,,,,
7601960,6,3,5,10,7,7,3,6,,,,,,,,,
7601961,6,6,6,10,5,6,5,7,,,,,,,,,
7601962,2,1,1,9,1,3,4,9,,,,,,,,,
7601963,1,3,1,1,1,1,1,9,,,,,,,,,
7601964,1,1,1,1,1,1,4,9,,,,,,,,,
7601965,1,2,1,9,1,4,1,9,,,,,,,,,
7601966,3,5,2,4,3,5,3,8,,,,,,,,,
7601967,1,1,2,1,2,4,1,8,,,,,,,,,
7601968,2,4,2,1,2,3,3,7,,,,,,,,,
7601969,1,1,1,1,1,1,3,8,,,,,,,,,
7601970,8,8,8,1,8,6,7,5,,,,,,,,,
7601971,5,4,6,1,6,6,5,4,,,,,,,,,
7601972,5,5,6,1,7,4,5,4,,,,,,,,,
7601974,4,4,4,10,6,2,1,3,,,,,,,,,
7601975,4,3,4,10,6,3,2,7,,,,,,,,,
7601976,5,3,1,1,1,10,6,8,,,,,,,,,
7601977,2,1,1,1,1,5,7,8,,,,,,,,,
7601978,1,2,1,1,2,1,2,8,,,,,,,,,
7601979,2,1,2,9,4,2,2,9,,,,,,,,,
7601981,2,3,1,10,1,2,4,7,,,,,,,,,
7601982,4,5,4,4,3,6,5,8,,,,,,,,,
7601983,1,1,2,4,1,4,2,8,,,,,,,,,
7601984,4,1,4,9,2,5,6,8,,,,,,,,,
7601985,4,1,5,7,4,2,8,7,,,,,,,,,
7601986,1,2,1,1,1,1,3,7,,,,,,,,,
7601987,2,1,1,1,1,9,3,8,,,,,,,,,
7601988,5,5,5,10,7,5,4,6,,,,,,,,,
7601989,7,6,7,10,8,7,7,4,,,,,,,,,
7601991,4,4,2,1,10,3,2,1,,,,,,,,,
7601992,3,3,2,1,10,6,1,1,,,,,,,,,
7601993,4,4,2,8,9,4,2,1,,,,,,,,,
7601994,2,3,2,1,9,3,1,1,,,,,,,,,
7601995,1,1,1,10,3,2,1,4,,,,,,,,,
7601996,1,3,1,9,2,1,1,6,,,,,,,,,
7601997,8,5,3,10,9,7,10,6,,,,,,,,,
7601998,9,8,9,9,10,9,8,8,,,,,,,,,
7601999,10,9,10,7,10,10,10,1,,,,,,,,,
7602000,6,2,7,10,4,9,6,2,,,,,,,,,
7602001,2,2,2,8,1,5,1,8,,,,,,,,,
7602002,2,4,3,5,2,2,3,8,,,,,,,,,
7602003,1,2,1,1,4,2,2,7,,,,,,,,,
7602004,10,9,10,10,10,10,7,3,,,,,,,,,
7602005,9,9,8,9,9,9,8,4,,,,,,,,,
7602006,4,1,3,4,2,10,1,6,,,,,,,,,
7602007,6,6,1,10,2,9,6,2,,,,,,,,,
7602008,9,8,8,10,8,10,3,6,,,,,,,,,
7602009,7,6,7,10,8,4,7,5,,,,,,,,,
7602010,1,1,2,1,4,1,1,7,,,,,,,,,
7602011,4,3,4,7,3,2,7,9,,,,,,,,,
7602012,3,4,3,8,1,2,4,9,,,,,,,,,
7602013,2,2,1,7,8,4,1,1,,,,,,,,,
7602014,6,7,3,10,10,2,1,3,,,,,,,,,
7602015,8,9,5,10,9,6,3,1,,,,,,,,,
7602016,1,3,1,2,1,1,3,8,,,,,,,,,
7602017,3,1,1,1,1,10,4,4,,,,,,,,,
7602018,1,2,1,1,2,1,3,4,,,,,,,,,
7602019,8,8,8,5,5,10,4,7,,,,,,,,,
7602020,3,3,3,9,2,2,3,8,,,,,,,,,
7602021,2,2,4,7,1,4,3,7,,,,,,,,,
7602022,6,5,6,5,5,7,5,8,,,,,,,,,
7602023,9,8,10,7,9,8,8,8,,,,,,,,,
7602024,2,2,4,1,2,5,2,7,,,,,,,,,
7602025,4,3,5,2,2,5,5,7,,,,,,,,,
7602026,5,7,5,7,2,3,6,7,,,,,,,,,
7602027,4,1,7,9,2,5,3,6,,,,,,,,,
7602028,9,8,9,3,9,10,7,1,,,,,,,,,
7602029,6,6,6,4,8,7,5,2,,,,,,,,,
7602030,8,8,9,8,8,5,8,3,,,,,,,,,
7602031,10,8,10,7,10,9,10,5,,,,,,,,,
7602032,8,8,7,10,8,6,8,6,,,,,,,,,
7602033,4,5,4,9,2,1,4,7,,,,,,,,,
7602034,5,6,3,1,1,4,9,9,,,,,,,,,
7602035,1,2,1,3,1,2,2,9,,,,,,,,,
7602036,6,4,7,8,5,7,7,2,,,,,,,,,
7602037,6,6,6,4,6,5,9,4,,,,,,,,,
7602038,8,8,8,10,8,7,7,1,,,,,,,,,
7602039,7,5,8,10,7,6,9,8,,,,,,,,,
7602040,8,9,7,4,9,8,6,6,,,,,,,,,
7602041,7,6,8,9,9,7,6,6,,,,,,,,,
7602042,3,3,3,4,5,4,3,5,,,,,,,,,
7602043,5,4,6,1,8,5,7,5,,,,,,,,,
7602044,8,8,8,5,8,7,8,4,,,,,,,,,
7602045,7,4,8,4,8,8,8,6,,,,,,,,,
7602046,2,4,1,3,1,2,4,9,,,,,,,,,
7602047,3,5,2,3,3,2,4,10,,,,,,,,,
7602048,2,3,3,2,5,1,2,5,,,,,,,,,
7602049,6,6,1,1,5,10,6,3,,,,,,,,,
7602050,1,1,2,7,5,1,1,1,,,,,,,,,
7602051,3,4,2,10,6,3,2,1,,,,,,,,,
7602052,3,1,5,3,4,5,5,7,,,,,,,,,
7602053,8,7,9,7,9,8,7,6,,,,,,,,,
7602054,7,6,8,6,9,8,4,2,,,,,,,,,
7602055,7,5,8,9,10,8,6,1,,,,,,,,,
7602056,4,1,6,1,8,6,3,2,,,,,,,,,
7602057,3,1,4,2,8,5,3,2,,,,,,,,,
7602058,10,10,9,9,10,10,8,5,,,,,,,,,
7602059,9,7,9,8,10,10,10,4,,,,,,,,,
7602060,8,6,8,10,9,8,4,1,,,,,,,,,
7602061,8,8,8,10,9,5,4,1,,,,,,,,,
7602062,1,2,3,1,2,2,2,8,,,,,,,,,
7602063,4,5,5,7,2,6,4,8,,,,,,,,,
7602064,6,3,6,5,6,10,2,4,,,,,,,,,
7602065,3,2,5,2,6,5,3,4,,,,,,,,,
7602066,10,9,10,9,10,10,7,5,,,,,,,,,
7602067,8,7,8,6,9,8,6,3,,,,,,,,,
7602068,2,1,4,3,3,6,4,4,,,,,,,,,
7602069,7,7,3,1,3,10,7,5,,,,,,,,,
7602070,3,5,3,2,8,4,1,1,,,,,,,,,
7602071,4,3,1,9,9,6,1,1,,,,,,,,,
7602073,10,10,10,10,10,10,9,1,,,,,,,,,
7602074,8,8,8,9,9,9,6,1,,,,,,,,,
7602075,8,7,9,3,10,9,7,5,,,,,,,,,
7602076,7,5,8,7,8,9,6,4,,,,,,,,,
7602077,2,4,3,2,2,5,3,8,,,,,,,,,
7602078,1,2,1,2,4,3,2,6,,,,,,,,,
7602079,2,2,3,2,4,1,4,9,,,,,,,,,
7602080,1,1,3,4,1,3,2,9,,,,,,,,,
7602081,6,8,4,7,9,5,3,1,,,,,,,,,
7602082,4,3,3,10,10,1,3,1,,,,,,,,,
7602083,8,8,8,8,7,8,9,2,,,,,,,,,
7602084,8,3,8,10,8,8,8,1,,,,,,,,,
